club,doc_type,n,text
angels,sth_terms,0,"Angels may provide or partner with an electronic ticket resale and/or transfer system or website or mobile application-based ticket management (the “System”). Any and all use of the System is subject to the terms and conditions associated with the Account and with accessing said System. Angels reserves the right to suspend, modify, replace disassociate and/or cancel the System at any time in its sole discretion. Angels reserves the right to disengage Account Holder’s access to electronically post for sale and forward Tickets or revoke Account Holder’s Account if the Account and/or System Terms & Conditions are violated. For more information, see Ticket Transfer Restrictions , below."
angels,sth_terms,1,"Each Ticket is good only for the Event listed on the front of the Ticket. No part of the purchase price will be refunded or exchanged because Account Holder or Bearer fails to use it for the designated Event. If the Event is postponed or is not officially completed, the Event Ticket is valid for the rescheduled date of the Event, or for exchange to a subsequent Regular Season Game (subject to availability). Exchanges may be completed through the Account Holders account representative or at the box office at the Stadium for a Ticket of equal or lesser value, subject to availability. In the event of a cancellation of the Event without rescheduling, the Account Holder may exchange the Ticket for a subsequent Regular Season Game (subject to availability), or a refund. Refunds must be requested within thirty (30) days of the announced cancellation of the Event or the refund is forever waived."
angels,sth_terms,2,"TICKET TRANSFER RESTRICTIONS: * (a) Each individual or entity purchasing, acquiring or using a Ticket expressly acknowledges and agrees that Club sells Tickets to a Game or an event at the Stadium for the purpose of permitting that individual or entity, or any subsequent Bearer receiving a Permitted Transfer of such Ticket to attend the Game or event represented by the Ticket. As such, each individual or entity that purchases, acquires or uses a Ticket acknowledges to Club that non-permitted transfers of Tickets (the “ Ticket Transfer Restrictions ”) may terminate the Revocable License granted by Club for the usage of Ticket(s) or constitute a basis for the seizure or cancellation of the Ticket(s) without refund or other compensation. * (b) For purposes of Club’s Ticket Transfer Restrictions the following defined terms shall apply: (i) “ Transfer(s) ” shall mean any transfer of possession or use of a Ticket(s) by an Account Holder to a third party (in each instance whether such third party is a person or entity). (ii) “ Permitted Transfer ” shall mean a Transfer that is authorized by or specifically exempted from these Ticket Transfer Restrictions. (iii) “ Non-Permitted Transfer ” shall mean a Transfer specifically prohibited or determined by Club to be unauthorized under these Ticket Transfer Restrictions. (iv) “ Resale ” or “ Resell ” shall mean any Transfer of a Ticket in exchange for money or any other thing of value. (v) “ Excess Value ” shall mean the monetary value derived from the Resale of a Ticket or Tickets above the price paid to purchase the Ticket(s) from Club, including any tax and service or convenience fees/charges. Any Account Holder or Bearer who needs assistance in determining the actual price of a Ticket may contact Club to obtain such information. (vi) “ Broker Activity ” shall mean any activity by an individual or entity to purchase or otherwise acquire Ticket(s) with the purpose or intent, as determined by Club, to Resell the Ticket(s), including but not limited to the intent to realize Excess Value, as determined by Club in its sole discretion. Broker Activity shall not include the use of a Ticket for any charitable or non-profit purpose."
angels,sth_terms,3,"(i) Any Broker Activity involving a Ticket, as determined in the sole discretion of Club, is a Non-Permitted Transfer unless specifically approved by Club, and shall constitute a basis for (i) termination of the revocable license granted by Club for the use of the Ticket (the “Revocable License”), (ii) the seizure or cancellation of the Ticket without refund or other compensation, and/or (iii) termination of the Revocable License granted by Club of all Tickets that are controlled by or affiliated with such Holder or individuals/entities determined by Club to be associated with such Holder."
angels,sth_terms,4,"(i) Any Broker Activity involving a Ticket, as determined in the sole discretion of Club, is a Non-Permitted Transfer unless specifically approved by Club, and shall constitute a basis for (i) termination of the revocable license granted by Club for the use of the Ticket (the “Revocable License”), (ii) the seizure or cancellation of the Ticket without refund or other compensation, and/or (iii) termination of the Revocable License granted by Club of all Tickets that are controlled by or affiliated with such Holder or individuals/entities determined by Club to be associated with such Holder."
angels,sth_terms,5,"(ii) Club will designate an official Club-approved ticket marketplace (the “ Marketplace ”) as Club’s designated ticketing resale platform, in order to ensure the authenticity and legitimacy of Resale Transfers. Once designated, Club will notify Account Holder of the selected Marketplace by identifying the same at Angels.com . Club is unable to ensure the security and authenticity of Resale Transfers occurring outside of the Marketplace. Therefore, any Resale or attempted Resale of a Ticket by a Holder on a publicly available, secondary ticket marketplace shall occur exclusively on the Marketplace which will be accessible at www.Angels.com or at the Marketplace’s website. Any Resale or attempted Resale of a Ticket on a publicly available, secondary ticket marketplace other than the Marketplace is a Non-Permitted Transfer and may constitute a basis for (i) termination of the Revocable License granted by Club for the usage of the Tickets, (ii) the seizure or cancellation of the Ticket without refund or other compensation, and/or (iii) termination of the Revocable License granted by Club of all Tickets that are controlled by or affiliated with such Account Holder or individuals/entities determined by Club to be associated with such Account Holder without refund or other compensation."
angels,sth_terms,6,"(ii) Club will designate an official Club-approved ticket marketplace (the “ Marketplace ”) as Club’s designated ticketing resale platform, in order to ensure the authenticity and legitimacy of Resale Transfers. Once designated, Club will notify Account Holder of the selected Marketplace by identifying the same at Angels.com . Club is unable to ensure the security and authenticity of Resale Transfers occurring outside of the Marketplace. Therefore, any Resale or attempted Resale of a Ticket by a Holder on a publicly available, secondary ticket marketplace shall occur exclusively on the Marketplace which will be accessible at www.Angels.com or at the Marketplace’s website. Any Resale or attempted Resale of a Ticket on a publicly available, secondary ticket marketplace other than the Marketplace is a Non-Permitted Transfer and may constitute a basis for (i) termination of the Revocable License granted by Club for the usage of the Tickets, (ii) the seizure or cancellation of the Ticket without refund or other compensation, and/or (iii) termination of the Revocable License granted by Club of all Tickets that are controlled by or affiliated with such Account Holder or individuals/entities determined by Club to be associated with such Account Holder without refund or other compensation."
angels,sth_terms,7,"(ii) The Resale of a Ticket(s) on the Marketplace where the purpose for the sale, as determined by Club in its sole discretion, was unrelated to Broker Activity. * (f) Club reserves the right to revoke or terminate the Revocable License for Tickets granted to an Account Holder or Bearer without any refund or compensation if, in Club’s sole discretion, an Account Holder, Bearer, or Registered Share Partner violates the terms of the Agreement, acts in any manner that in the opinion of Club could negatively affect the experience of any other person at the Stadium, or violates other policies and regulations of Club. * (g) Notwithstanding the provisions of these Ticket Transfer Restrictions with respect to Broker Activity, certain Account Holders may be permitted to engage in Broker Activity. If an Account Holder is permitted by Club to engage in Broker Activity, the Account Holder and all other parties deemed necessary by Club (collectively the “ Broker Parties ”) must agree to be bound by certain additional terms and conditions, set forth in a separate agreement, in writing, between Club, Account Holder, and the Broker Parties."
angels,sth_terms,8,"(ii) The Resale of a Ticket(s) on the Marketplace where the purpose for the sale, as determined by Club in its sole discretion, was unrelated to Broker Activity. * (f) Club reserves the right to revoke or terminate the Revocable License for Tickets granted to an Account Holder or Bearer without any refund or compensation if, in Club’s sole discretion, an Account Holder, Bearer, or Registered Share Partner violates the terms of the Agreement, acts in any manner that in the opinion of Club could negatively affect the experience of any other person at the Stadium, or violates other policies and regulations of Club. * (g) Notwithstanding the provisions of these Ticket Transfer Restrictions with respect to Broker Activity, certain Account Holders may be permitted to engage in Broker Activity. If an Account Holder is permitted by Club to engage in Broker Activity, the Account Holder and all other parties deemed necessary by Club (collectively the “ Broker Parties ”) must agree to be bound by certain additional terms and conditions, set forth in a separate agreement, in writing, between Club, Account Holder, and the Broker Parties."
angels,sth_terms,9,"Angels may provide or partner with an electronic ticket resale and/or transfer system or website or mobile application-based ticket management (the “System”). Any and all use of the System is subject to the terms and conditions associated with the Account and with accessing said System. Angels reserves the right to suspend, modify, replace disassociate and/or cancel the System at any time in its sole discretion. Angels reserves the right to disengage Account Holder’s access to electronically post for sale and forward Tickets or revoke Account Holder’s Account if the Account and/or System Terms & Conditions are violated. For more information, see Ticket Transfer Restrictions , below."
angels,sth_terms,10,"Each Ticket is good only for the Event listed on the front of the Ticket. No part of the purchase price will be refunded or exchanged because Account Holder or Bearer fails to use it for the designated Event. If the Event is postponed or is not officially completed, the Event Ticket is valid for the rescheduled date of the Event, or for exchange to a subsequent Regular Season Game (subject to availability). Exchanges may be completed through the Account Holders account representative or at the box office at the Stadium for a Ticket of equal or lesser value, subject to availability. In the event of a cancellation of the Event without rescheduling, the Account Holder may exchange the Ticket for a subsequent Regular Season Game (subject to availability), or a refund. Refunds must be requested within thirty (30) days of the announced cancellation of the Event or the refund is forever waived."
angels,sth_terms,11,"TICKET TRANSFER RESTRICTIONS: Each individual or entity purchasing, acquiring or using a Ticket expressly acknowledges and agrees that Club sells Tickets to a Game or an event at the Stadium for the purpose of permitting that individual or entity, or any subsequent Bearer receiving a Permitted Transfer of such Ticket to attend the Game or event represented by the Ticket. As such, each individual or entity that purchases, acquires or uses a Ticket acknowledges to Club that non-permitted transfers of Tickets (the “ Ticket Transfer Restrictions ”) may terminate the Revocable License granted by Club for the usage of Ticket(s) or constitute a basis for the seizure or cancellation of the Ticket(s) without refund or other compensation. For purposes of Club’s Ticket Transfer Restrictions the following defined terms shall apply: “ Transfer(s) ” shall mean any transfer of possession or use of a Ticket(s) by an Account Holder to a third party (in each instance whether such third party is a person or entity). “ Permitted Transfer ” shall mean a Transfer that is authorized by or specifically exempted from these Ticket Transfer Restrictions. “ Non-Permitted Transfer ” shall mean a Transfer specifically prohibited or determined by Club to be unauthorized under these Ticket Transfer Restrictions. “ Resale ” or “ Resell ” shall mean any Transfer of a Ticket in exchange for money or any other thing of value. “ Excess Value ” shall mean the monetary value derived from the Resale of a Ticket or Tickets above the price paid to purchase the Ticket(s) from Club, including any tax and service or convenience fees/charges. Any Account Holder or Bearer who needs assistance in determining the actual price of a Ticket may contact Club to obtain such information. “ Broker Activity ” shall mean any activity by an individual or entity to purchase or otherwise acquire Ticket(s) with the purpose or intent, as determined by Club, to Resell the Ticket(s), including but not limited to the intent to realize Excess Value, as determined by Club in its sole discretion. Broker Activity shall not include the use of a Ticket for any charitable or non-profit purpose. By the acceptance, possession or use of a Ticket(s), each Account Holder (regardless of whether such Holder is the original purchaser from Club or an acquirer of the Ticket(s) from a third party), acknowledges and agrees to the following: Any Broker Activity involving a Ticket, as determined in the sole discretion of Club, is a Non-Permitted Transfer unless specifically approved by Club, and shall constitute a basis for (i) termination of the revocable license granted by Club for the use of the Ticket (the “Revocable License”), (ii) the seizure or cancellation of the Ticket without refund or other compensation, and/or (iii) termination of the Revocable License granted by Club of all Tickets that are controlled by or affiliated with such Holder or individuals/entities determined by Club to be associated with such Holder. Club will designate an official Club-approved ticket marketplace (the “ Marketplace ”) as Club’s designated ticketing resale platform, in order to ensure the authenticity and legitimacy of Resale Transfers. Once designated, Club will notify Account Holder of the selected Marketplace by identifying the same at angels.com . Club is unable to ensure the security and authenticity of Resale Transfers occurring outside of the Marketplace. Therefore, any Resale or attempted Resale of a Ticket by a Holder on a publicly available, secondary ticket marketplace shall occur exclusively on the Marketplace which will be accessible at www.angels.com or at the Marketplace’s website. Any Resale or attempted Resale of a Ticket on a publicly available, secondary ticket marketplace other than the Marketplace is a Non-Permitted Transfer and may constitute a basis for (i) termination of the Revocable License granted by Club for the usage of the Tickets, (ii) the seizure or cancellation of the Ticket without refund or other compensation, and/or (iii) termination of the Revocable License granted by Club of all Tickets that are controlled by or affiliated with such Account Holder or individuals/entities determined by Club to be associated with such Account Holder without refund or other compensation. Any Resale or attempted Resale of a Ticket inside the Stadium is strictly prohibited, and any person who Resells or offers a Ticket for Resale at any price inside the Stadium will be removed from the Stadium and may be prosecuted. Tickets may be sold, gifted, or transferred to registered Ticket account partners (“ Registered Share Partners ”) at any time. All Registered Share Partners shall be identified and registered through the Account Holder’s Los Angeles Angels account (“ Account ”), and shall be subject to the terms and conditions applicable to the Tickets and the Account. For the avoidance of doubt with respect to the application of these Ticket Transfer Restrictions, the following are considered to be Permitted Transfers: Ticket Transfer activity involving the exchange of Tickets amongst the Account Holder and Registered Share Partners, together with their family members, friends, or associates so long as Club determines there was not intent to realize Excess Value regardless of the frequency of the Transfers. The Resale of a Ticket(s) on the Marketplace where the purpose for the sale, as determined by Club in its sole discretion, was unrelated to Broker Activity. Club reserves the right to revoke or terminate the Revocable License for Tickets granted to an Account Holder or Bearer without any refund or compensation if, in Club’s sole discretion, an Account Holder, Bearer, or Registered Share Partner violates the terms of the Agreement, acts in any manner that in the opinion of Club could negatively affect the experience of any other person at the Stadium, or violates other policies and regulations of Club. Notwithstanding the provisions of these Ticket Transfer Restrictions with respect to Broker Activity, certain Account Holders may be permitted to engage in Broker Activity. If an Account Holder is permitted by Club to engage in Broker Activity, the Account Holder and all other parties deemed necessary by Club (collectively the “ Broker Parties ”) must agree to be bound by certain additional terms and conditions, set forth in a separate agreement, in writing, between Club, Account Holder, and the Broker Parties."
angels,sth_terms,12,"Each individual or entity purchasing, acquiring or using a Ticket expressly acknowledges and agrees that Club sells Tickets to a Game or an event at the Stadium for the purpose of permitting that individual or entity, or any subsequent Bearer receiving a Permitted Transfer of such Ticket to attend the Game or event represented by the Ticket. As such, each individual or entity that purchases, acquires or uses a Ticket acknowledges to Club that non-permitted transfers of Tickets (the “ Ticket Transfer Restrictions ”) may terminate the Revocable License granted by Club for the usage of Ticket(s) or constitute a basis for the seizure or cancellation of the Ticket(s) without refund or other compensation."
angels,sth_terms,13,"By the acceptance, possession or use of a Ticket(s), each Account Holder (regardless of whether such Holder is the original purchaser from Club or an acquirer of the Ticket(s) from a third party), acknowledges and agrees to the following: Any Broker Activity involving a Ticket, as determined in the sole discretion of Club, is a Non-Permitted Transfer unless specifically approved by Club, and shall constitute a basis for (i) termination of the revocable license granted by Club for the use of the Ticket (the “Revocable License”), (ii) the seizure or cancellation of the Ticket without refund or other compensation, and/or (iii) termination of the Revocable License granted by Club of all Tickets that are controlled by or affiliated with such Holder or individuals/entities determined by Club to be associated with such Holder. Club will designate an official Club-approved ticket marketplace (the “ Marketplace ”) as Club’s designated ticketing resale platform, in order to ensure the authenticity and legitimacy of Resale Transfers. Once designated, Club will notify Account Holder of the selected Marketplace by identifying the same at angels.com . Club is unable to ensure the security and authenticity of Resale Transfers occurring outside of the Marketplace. Therefore, any Resale or attempted Resale of a Ticket by a Holder on a publicly available, secondary ticket marketplace shall occur exclusively on the Marketplace which will be accessible at www.angels.com or at the Marketplace’s website. Any Resale or attempted Resale of a Ticket on a publicly available, secondary ticket marketplace other than the Marketplace is a Non-Permitted Transfer and may constitute a basis for (i) termination of the Revocable License granted by Club for the usage of the Tickets, (ii) the seizure or cancellation of the Ticket without refund or other compensation, and/or (iii) termination of the Revocable License granted by Club of all Tickets that are controlled by or affiliated with such Account Holder or individuals/entities determined by Club to be associated with such Account Holder without refund or other compensation. Any Resale or attempted Resale of a Ticket inside the Stadium is strictly prohibited, and any person who Resells or offers a Ticket for Resale at any price inside the Stadium will be removed from the Stadium and may be prosecuted."
angels,sth_terms,14,"Any Broker Activity involving a Ticket, as determined in the sole discretion of Club, is a Non-Permitted Transfer unless specifically approved by Club, and shall constitute a basis for (i) termination of the revocable license granted by Club for the use of the Ticket (the “Revocable License”), (ii) the seizure or cancellation of the Ticket without refund or other compensation, and/or (iii) termination of the Revocable License granted by Club of all Tickets that are controlled by or affiliated with such Holder or individuals/entities determined by Club to be associated with such Holder."
angels,sth_terms,15,"Club will designate an official Club-approved ticket marketplace (the “ Marketplace ”) as Club’s designated ticketing resale platform, in order to ensure the authenticity and legitimacy of Resale Transfers. Once designated, Club will notify Account Holder of the selected Marketplace by identifying the same at angels.com . Club is unable to ensure the security and authenticity of Resale Transfers occurring outside of the Marketplace. Therefore, any Resale or attempted Resale of a Ticket by a Holder on a publicly available, secondary ticket marketplace shall occur exclusively on the Marketplace which will be accessible at www.angels.com or at the Marketplace’s website. Any Resale or attempted Resale of a Ticket on a publicly available, secondary ticket marketplace other than the Marketplace is a Non-Permitted Transfer and may constitute a basis for (i) termination of the Revocable License granted by Club for the usage of the Tickets, (ii) the seizure or cancellation of the Ticket without refund or other compensation, and/or (iii) termination of the Revocable License granted by Club of all Tickets that are controlled by or affiliated with such Account Holder or individuals/entities determined by Club to be associated with such Account Holder without refund or other compensation."
angels,sth_terms,16,"Club reserves the right to revoke or terminate the Revocable License for Tickets granted to an Account Holder or Bearer without any refund or compensation if, in Club’s sole discretion, an Account Holder, Bearer, or Registered Share Partner violates the terms of the Agreement, acts in any manner that in the opinion of Club could negatively affect the experience of any other person at the Stadium, or violates other policies and regulations of Club."
astros,sth_terms,0,"1. All Ticket sales are final and no refunds or exchanges will be made, except as expressly provided in this Agreement."
astros,sth_terms,1,"5. The Houston Astros reserve the right to revoke or terminate the license granted to an Account Holder through this Agreement or granted through a Ticket without any refund or compensation if, in the Houston Astros sole discretion, an Account Holder or Ticket Holder violates any of the applicable terms and conditions set forth herein or otherwise acts in any manner that could negatively affect the experience of any other person at the Ballpark."
astros,sth_terms,2,"15. If the Houston Astros are authorized by MLB to issue Postseason Game tickets, eligible Account Holders may be entitled to purchase one ticket for every possible Postseason Game for each seat held in the Account. Not all Accounts, including Broker Accounts, may be eligible for Postseason Game priority seating or tickets. All terms and conditions that apply to Tickets, including those contained in this Agreement, shall apply to Postseason Game Tickets purchased by eligible Account Holders. Postseason Game Tickets may be subject to additional terms and conditions. The Houston Astros reserve the right to offer eligible Account Holders relocated seats for Postseason Games. To the extent that any Postseason games purchased by an Account Holder are not played, Account Holders will be offered the opportunity to request the amount paid for un-played Postseason games be applied to future Ticket charges. In the event that an Account Holder opts to have such amounts applied to future Ticket charges, however, such decision does not automatically confer any right on the Account Holder to purchase Tickets in the future. The Houston Astros reserve the right to refund any amounts paid for un-played Postseason games to Account Holder, without interest or damages of any kind, in the event that the Houston Astros determine, in their sole discretion, not to grant Account Holder a license to purchase Tickets in the future."
astros,sth_terms,3,"16. The Houston Astros may provide an electronic ticket exchange and/or transfer system (the ""System"") to Account Holders. Any and all use of the System is subject to the terms and conditions of this Agreement and with those associated with accessing the System. The Houston Astros reserve the right to suspend, modify, replace and/or cancel the System at any time in their sole discretion. The Houston Astros reserve the right to cancel access to the System in the event any Account Holder violates this Agreement and/or the terms and conditions associated with accessing the System."
astros,sth_terms,4,"18. All pre-game or post-game events at the Ballpark, including but not limited to, pyrotechnic displays, post-game concerts or other promotions are subject to cancellation. No part of the Ticket purchase price will be refunded in the event of such cancellation."
astros,sth_terms,5,"23. The Houston Astros may terminate this Agreement at any time upon providing written notification to Account Holder. Unless such breach is the result of a material breach of the terms and conditions explained herein, in which case Account Holder shall not be entitled to any refund, future credit, or damages of any kind, the Houston Astros shall refund the pro rata portion of the Ticket Fees for the remaining home games in the term to the Account Holder within a reasonable time."
astros,sth_terms,6,"[FOR CALIFORNIA RESIDENTS] HOLDER FURTHER ACKNOWLEDGES AND AGREES THAT HOLDER IS FAMILIAR WITH AND DOES HEREBY WAIVE THE PROVISIONS OF SECTION 1542 OF THE CALIFORNIA CIVIL CODE (AND SIMILAR PROVISIONS OF OTHER JURISDICTIONS) WHICH PROVIDES AS FOLLOWS: “A GENERAL RELEASE DOES NOT EXTEND TO CLAIMS THAT THE CREDITOR OR RELEASING PARTY DOES NOT KNOW OR SUSPECT TO EXIST IN HIS OR HER FAVOR AT THE TIME OF EXECUTING THE RELEASE AND THAT, IF KNOWN BY HIM OR HER, WOULD HAVE MATERIALLY AFFECTED HIS OR HER SETTLEMENT WITH THE DEBTOR OR RELEASED PARTY.”"
bluejays,general_terms,0,"The Holder is responsible for any violation of the Terms either by the Holder or by any Accompanying Party. RBJBP reserves the right, without refund of any portion of the purchase price, to seize the ticket, cancel the associated ticket account and/or refuse admission to and/or eject from the Stadium the Holder and/or any Accompanying Parties if any such person: (a) violates the Terms, including, without limitation, any Applicable Policies; (b) is in possession of any item or object that RBJBP and/or the Stadium Operator consider potentially dangerous, hazardous, inappropriate and/or injurious to other patrons, and any prohibited items or objects may be confiscated; (c) appears to be or is intoxicated; (d) engages in conduct deemed by RBJBP and/or the Stadium Operator to be improper, disorderly, unbecoming, abusive, illegal or objectionable, or might otherwise interfere with the Game, any ancillary activities, or the reasonable enjoyment of others; (e) uses vulgar or abusive language; or (f) poses a risk to the health or safety of others. The Holder acknowledges that damages may not be an adequate remedy for breach of the Terms and consents to injunctive or other relief which may be sought to enforce same."
bluejays,general_terms,1,RESCHEDULED AND CANCELLED GAME POLICY
bluejays,general_terms,2,"This ticket bears no cash value. In the event that a Game is not played on the date specified on the ticket or does not progress to or beyond the point of play constituting a regulation game, then the ticket will be valid for the date upon which such game is rescheduled and should be retained by the Holder. In the event that such game is not rescheduled, then the original purchaser of this ticket will be automatically refunded for the amount paid on account of this ticket in as soon as sixty (60) days from the Game date. Any refund will be processed via the same pay method. No credits will be issued."
bluejays,general_terms,3,PLEASE NOTE THAT ANY GAME PLAYED AS PART OF MAJOR LEAGUE BASEBALL’S 2027 SPRING TRAINING SCHEDULE MAY BE SHORTENED (TO FIVE INNINGS OR SEVEN INNINGS) UPON THE MUTUAL AGREEMENT OF RBJBP AND THE OPPOSING MAJOR LEAGUE BASEBALL CLUB. ANY SUCH SHORTENED GAME SHALL BE DEEMED TO BE A COMPLETED REGULATION GAME FOR THE PURPOSES OF THESE TERMS AND WILL NOT BE ELIGIBLE FOR REFUND.
bluejays,general_terms,4,"For greater certainty, refunds will NOT be issued to the Holder or Accompanying Party merely upon presentation of this ticket and anyone who purchased this ticket from a source other than RBJBP must seek any exchange or refund from that same source. For more information, call RBJBP’s spring training ticket office at (727) 733-0429."
bluejays,general_terms,5,"The Holder is responsible for any violation of the Terms either by the Holder or by any Accompanying Party. RBJBP and RSLP reserve the right, without refund of any portion of the purchase price, to seize the ticket, cancel the associated ticket account and/or refuse admission to and/or eject from the Stadium the Holder and/or any Accompanying Party if any such person: (a) violates the Terms, including, without limitation, any Applicable Policies; (b) is in possession of any item or object that RBJBP and/or RSLP consider potentially dangerous, hazardous, inappropriate, and/or injurious to other patrons, and any prohibited items or objects may be confiscated; (c) appears to be or is intoxicated; (d) engages in conduct deemed by RBJBP and/or RSLP to be improper, disorderly, unbecoming, abusive, illegal or objectionable, or might otherwise interfere with the Game, any ancillary activities, or the reasonable enjoyment of others; (e) uses vulgar or abusive language; or (f) poses a risk to the health or safety of others. The Holder acknowledges that damages may not be an adequate remedy for breach of the Terms and consents to injunctive or other relief which may be sought to enforce same."
bluejays,general_terms,6,RESCHEDULED AND CANCELLED GAME POLICY
bluejays,general_terms,7,"This ticket bears no cash value. In the event that a Game is not played on the date specified on the ticket or does not progress to or beyond the point of play constituting a regulation game, then the ticket will be valid for the date upon which such game is rescheduled and should be retained by the Holder. In the event that such game is not rescheduled, then the original purchaser of this ticket will be automatically refunded for the amount paid on account of this ticket in as soon as sixty (60) days from the Game date. Any refund will be processed via the same pay method. No credits will be issued."
bluejays,general_terms,8,"For greater certainty, refunds will NOT be issued to the Holder or Accompanying Party merely upon presentation of this ticket and anyone who purchased this ticket from a source other than RBJBP must seek any exchange or refund from that same source."
braves,sth_terms,0,"By selecting the Green Light Renewal, you acknowledge that your season tickets will automatically renew for each successive season, unless you cancel your A-List membership or opt-out of Green Light Renewal by providing written notice to the Braves at alistmember@braves.com or to your individual membership services representative on or before the renewal deadline the year prior to the season subject to renewal. For example, to cancel your A-List Membership or opt-out of Green Light Renewal for the 2026 baseball season, your cancellation or opt-out must be received by the Braves on or before the August 28, 2025 renewal deadline."
braves,sth_terms,1,Green Light Renewal is eligible for all Full Season and Twenty-Seven (27) game Partial Season A-List Memberships.
braves,sth_terms,2,"All sales are final, no refunds."
braves,sth_terms,3,"Current credit cards and contact information must be kept on file by the Braves and any changes communicated to the Braves in a timely fashion. If you have not opted-out of Green Light Renewal, your credit card on file will be charged for your A-List Membership renewal. You acknowledge and agree to notify us immediately if any of your credit card or contact information changes. Accounts that are two (2) or more payments behind will be at risk of losing their seating location(s) for the following season. Accounts that are not up to date on payments by the start of Major League Baseball's official Opening Day of the next season may have their ticket account management frozen."
braves,sth_terms,4,"Once a purchase is made, the ticket holder purchaser whose credit card is on file with the Braves is responsible for all payments until the next renewal period (i.e. the next season). If the purchase was made on behalf of a company or corporation, then the company or corporation is responsible for maintaining active card on file and applicable contact information until the next renewal period."
braves,sth_terms,5,"All A-List Members shall be bound by and shall observe the terms and conditions upon which tickets for admission to Truist Park have been issued for each game or event including, without limitation, policies with respect to ticket holder behavior and the cancellation or postponement of a game or event, and agree to observe all rules, regulations, policies, and procedures, which may be adapted from time to time. Any members failing to do abide by such terms, conditions, rules, regulations, policies, and/or procedures may have their A-List membership and/or seat privileges revoked."
braves,sth_terms,6,"By selecting the Green Light Renewal, you acknowledge that your season tickets will automatically renew for each successive season, unless you cancel your A-List membership or opt-out of Green Light Renewal by providing written notice to the Braves at alistmember@braves.com or to your individual membership services representative on or before the renewal deadline the year prior to the season subject to renewal. For example, to cancel your A-List Membership or opt-out of Green Light Renewal for the 2027 baseball season, your cancellation or opt-out must be received by the Braves on or before the July 29, 2026 renewal deadline. There will not be an additional opt-out period provided by the Braves for the 2027 baseball season."
braves,sth_terms,7,All Full Season and Twenty-Seven (27) game Partial Season A-List Memberships are eligible for Green Light Renewal.
braves,sth_terms,8,All ticket sales are final; there are no refunds or cancellations.
braves,sth_terms,9,"Current credit cards and contact information must be kept on file by the Braves. You acknowledge and agree to notify the Braves immediately if there are any changes to such credit cards and/or contact information. If you have not opted-out of Green Light Renewal, your credit card on file will be charged for your A-List Membership renewal."
braves,sth_terms,10,"Once a purchase is made, the ticket holder purchaser whose credit card is on file with the Braves is responsible for all payments until the next renewal period (i.e. the next season). If the purchase was made on behalf of a company or corporation, then the company or corporation is responsible for maintaining an active credit card on file and applicable contact information until the next renewal period."
braves,sth_terms,11,"All A-List Members shall be bound by and shall observe the terms and conditions upon which tickets for admission to Truist Park have been issued for each game or event including, without limitation, policies with respect to ticket holder behavior and the cancellation or postponement of a game or event, and agree to observe all rules, regulations, policies, and procedures, which may be adopted from time to time. Any members failing to do abide by such terms, conditions, rules, regulations, policies, and/or procedures may have their A-List membership and/or seat privileges revoked."
braves,general_terms,0,"The holder of this ticket is admitted on the following conditions: By use of this ticket, the ticket holder (“Ticket Holder”), on his/her own behalf, and on behalf of any accompanying minor (“Minor(s)”) for whom Ticket Holder retains a ticket to attend the game or event governed by these applicable terms for which the ticket grants admission (“Event”) (each of Ticket Holder and any Minor(s) are collectively referred to herein as the “Holder”), acknowledges and agrees to the following terms and conditions of this ticket agreement herein (“Agreement”): (a) t his ticket is a non-transferable revocable license and Braves Stadium Company, LLC (“BSC”) and Atlanta National League Baseball Club, LLC (“ANLBC” or “Club”) (each of BSC and ANLBC, individually, each a “Braves Party,” and collectively, the “Braves Parties”) reserve the right to revoke such license, in their sole discretion, at any time and for any reason; (b) Holder shall not transmit nor aid in transmitting any information about the Event, including, but not limited to, any photographs, images, videos, audio, livestreams, or other accounts or descriptions (including play-by-play data) (whether text, data, or visual), in any media, of all or any part of the Event, without the express written consent of ANLBC and/or BSC ( as applicable ); © ANLBC ( and/or BSC as applicable) is the exclusive owner of all copyrights and other proprietary rights in the Event and Event information; (d) by tendering this ticket to enter the Atlanta Braves’ (“Braves”) ballpark and surrounding areas, including parking lots (“Ballpark”), Holder hereby consents to security screening, whether by walk-through metal detection, handheld metal detection, bag checks, temperature checks, or otherwise, and Holder hereby acknowledges and agrees that the Released Parties (defined below) assume no liability to Holder’s person or property as a result of any such security screening; and (e) the Released Parties shall have the unrestricted right and license to use Holder’s name, image, and/or likeness taken at or around the Ballpark as included in any broadcast, telecast, photograph, or in any other medium whether now known or hereafter devised. The Braves Parties reserve the right to terminate the license granted by this ticket by tendering to the Holder the purchase price of this ticket. Further, the Braves Parties reserve the right, without refund of any portion of the purchase price, to terminate the license granted by this ticket and refuse admission to or eject Holder if Holder violates the terms of this Agreement or the Ballpark’s Code of Conduct as set forth on https://www.mlb.com/braves/ballpark/information/guide , as may be amended from time to time. This ticket may not be used for advertising, promotions (including sweepstakes or contests), giveaways, gambling or gaming activities, and/or other trade purposes without the express prior consent of the Braves Parties. Holder, on their behalf and on behalf of any other accompanying party for whom Ticket Holder retains a ticket to attend the Event with Ticket Holder (each of whom Ticket Holder represents have authorized Ticket Holder to act on his/her behalf in accepting the applicable ticket terms) (“Accompanying Parties”), agrees to comply with all terms and conditions presented at the time of purchase not specifically enumerated herein, including without limitation (1) terms that mandate or prescribe the quantity of tickets available to be purchased, (2) additional requirements regarding Accompanying Parties, and (3) terms regarding the resale or transfer of tickets, which include that this ticket must not be resold or offered for resale in any manner not authorized by the Braves Parties, nor may it be resold or offered for resale in any manner at a price in violation of any federal, state, city, or local law or regulation. Use of this ticket in violation of any law is strictly prohibited and will result in seizure, revocation, and/or forfeiture of this license without refund."
braves,general_terms,1,ATLANTA BRAVES • ADMIT ONE • NO REFUNDS • NO RE-ENTRY UPON EXIT
braves,general_terms,2,"HOLDER FURTHER ACKNOWLEDGES AND AGREES THAT HOLDER IS FAMILIAR WITH AND DOES HEREBY WAIVE THE PROVISIONS OF SECTION 1542 OF THE CALIFORNIA CIVIL CODE (AND SIMILAR PROVISIONS OF OTHER JURISDICTIONS) WHICH PROVIDES AS FOLLOWS: “A GENERAL RELEASE DOES NOT EXTEND TO CLAIMS THAT THE CREDITOR OR RELEASING PARTY DOES NOT KNOW OR SUSPECT TO EXIST IN HIS OR HER FAVOR AT THE TIME OF EXECUTING THE RELEASE AND THAT, IF KNOWN BY HIM OR HER, WOULD HAVE MATERIALLY AFFECTED HIS OR HER SETTLEMENT WITH THE DEBTOR OR RELEASED PARTY.”"
braves,general_terms,3,"CALIFORNIA RESIDENTS: I FURTHER ACKNOWLEDGE AND AGREE THAT I AM FAMILIAR WITH AND DO HEREBY WAIVE THE PROVISIONS OF SECTION 1542 OF THE CALIFORNIA CIVIL CODE (AND SIMILAR PROVISIONS OF OTHER JURISDICTIONS) WHICH PROVIDES AS FOLLOWS: “A GENERAL RELEASE DOES NOT EXTEND TO CLAIMS THAT THE CREDITOR OR RELEASING PARTY DOES NOT KNOW OR SUSPECT TO EXIST IN HIS OR HER FAVOR AT THE TIME OF EXECUTING THE RELEASE AND THAT, IF KNOWN BY HIM OR HER, WOULD HAVE MATERIALLY AFFECTED HIS OR HER SETTLEMENT WITH THE DEBTOR OR RELEASED PARTY."
braves,general_terms,4,"The MLB Entities reserve the right to terminate the license granted by this ticket by tendering to Holder the purchase price printed on this ticket. Further, the MLB Entities reserve the right, without refund of any portion of the purchase price, to revoke the license granted by this ticket and refuse admission to, or eject from, the Event, Holder and any Accompanying Parties if any such person (a) violates the terms of the Agreement, including without limitation any MLB Policy; (b) is in possession of any item or object that the MLB Entities consider potentially dangerous, hazardous, inappropriate and/or injurious to other patrons, and any prohibited items may be confiscated; (c) appears to be or is intoxicated; (d) engages in conduct deemed by any of the MLB Entities to be improper, disorderly, unbecoming, or inconsistent with the rules and regulations of the Ballpark; (e) uses foul, offensive, derogatory, vulgar, or abusive language and/or gestures; or (f) poses a risk to the health or safety of others."
braves,general_terms,5,"FOR CALIFORNIA RESIDENTS: This Agreement has been executed by Holder with the express intention of effecting the legal consequences provided by Section 1541 of the California Civil Code, and any other federal, state or local laws of similar effect. Holder intends to relinquish all claims against the Released Parties, whether or not known or suspected and expressly waive any and all rights and benefits conferred upon Holder by the provisions of Section 1542 of the California Civil Code (or any federal, state or local laws of similar effect), which reads: “A general release does not extend to claims that the creditor or releasing party does not know or suspect to exist in his or her favor at the time of executing the release and that, if known by him or her, would have materially affected his or her settlement with the debtor or released party.”"
braves,general_terms,6,"ALL EVENT TIMES ARE SUBJECT TO CHANGE. THE MLB ENTITIES ARE NOT RESPONSIBLE FOR LOST, STOLEN OR DUPLICATED TICKETS. Retain possession of this ticket until the Game has been played or other Event has occurred. This ticket is good only for this particular Event and no part of the purchase price will be refunded or credited by reason of the failure of Holder to use it for this Event."
braves,general_terms,7,"REFUND POLICY FOR UNPLAYED GAMES In the event that the series for which this ticket is issued concludes before the date on which the Game was scheduled to occur, a refund will automatically be posted to the payment card used for payment of the ticket. No credits will be issued and the ticket will have no cash value."
braves,general_terms,8,"POLICY FOR RESUMED OR RESCHEDULED GAMES OR EVENTS Should a Game not be played or completed or should any other Event not occur on the date it was originally scheduled, this ticket will admit Holder on the date or dates on which this Event is rescheduled or resumed, as announced in the sole discretion of MLB. No part of the purchase price will be refunded or credited by reason of the failure of Holder to use this ticket on the date the Event is rescheduled or resumed."
braves,general_terms,9,"REFUND POLICY FOR CANCELLED OR IMPACTED GAMES AND OTHER EVENTS If an Event is (a) canceled or suspended and not rescheduled or resumed, (b) canceled or suspended and rescheduled or resumed in a different locale or (c) held without fans, or with limited fans, in attendance (each, a “Suspension”) and such Suspension prevents Holder from using this ticket, a refund will automatically be posted to the payment card used for payment of the ticket. No credits will be issued and the ticket will have no cash value."
brewers,sth_terms,0,"We will send you a notice in July/August notifying you of important dates and reminding you of your renewal (the “Notice”); If you would like to renew your Initial Season Seats, you simply do nothing! We will charge the payment method you have on file. If you would like to change your payment method, you can change the method as described in the Notice prior to the date of your renewal. If you would like to make any changes to your account (such as change your payment plan, add or remove Season Seats, or move the location of your Season Seats), you call us at the number provided before the end of the opt-out period provided in the Notice, and we will process a new sale including your changes. If you would like to opt out of the automatic renewal, you can, before the end of the opt-out period provided in the Notice, simply follow the instructions provided in the Notice to opt-out or email us at seasontickets@brewers.com and we will cancel the auto renewal. If there is a change in Season Seat prices or payment terms, we will send you notice of the new terms."
brewers,sth_terms,1,"If you would like to opt out of the automatic renewal, you can, before the end of the opt-out period provided in the Notice, simply follow the instructions provided in the Notice to opt-out or email us at seasontickets@brewers.com and we will cancel the auto renewal."
brewers,sth_terms,2,"If you would like to opt out of the automatic renewal, you can, before the end of the opt-out period provided in the Notice, simply follow the instructions provided in the Notice to opt-out or email us at seasontickets@brewers.com and we will cancel the auto renewal."
brewers,sth_terms,3,"For each applicable Plan Year, the Club will provide a notice to you of the automatic renewal. If you do not wish to participate in the new Plan Year, you may cancel any time before the new Plan Year begins. If you timely do this, no payments for the new Plan Year will come due. If you do not timely cancel the automatic renewal, you agree to purchase the Season Seats by making the payments for the subsequent Season Seats in the same amounts and on the same payment schedule as you made your initial Season Seat purchases. If the Club changes pricing or payment terms in subsequent periods, the Club will send you a notice of such change; your failure to opt out during the opt-out period will constitute your acceptance of the pricing and payment terms for such season and future seasons."
brewers,sth_terms,4,You understand that enrollment in the Plan does not constitute a guarantee that the Club will offer you the opportunity to purchase Season Seats for any given season and that automatic renewal is subject to the good standing of the account associated with the Season Seats. The Club reserves the right to modify or cancel the Plan at any time and require payment for Season Seats by some other means. You agree that the Club may send you notices related to the Plan via email at the email address provided to the Club and you agree to promptly notify the Club of any updated email address that should be used to contact you.
brewers,sth_terms,5,"If we are unsuccessful in charging your payment card or other means of payment or you otherwise fail to make a payment due under the Plan within ten (10) days following its due date, (1) the Club may cancel your Season Seats, (2) you will remain responsible for all remaining amounts due under the then-current Plan, and (3) your participation in future seasons of the Plan may be terminated. Failure to pay for Season Seats may influence your ability to purchase the same Season Seats for subsequent games or seasons."
brewers,sth_terms,6,"In the event that the Club makes an error in processing a charge, you authorize the Club to correct the error by initiating a credit or debit to the Card in the amount of such error on or after the date such error occurs. In the event that you make a partial payment, or you are issued a credit, you authorize the Club to charge the Card for the amount specified above less the amount of such credit. You also authorize the Club to reinitiate any charge to the Card that is rejected up to two times or any greater number of times permitted by network rules. You acknowledge that the Club is not obligated to reinitiate any charge that is rejected and may terminate your Season Seats if a charge is rejected and no payment is made within ten (10) days following the payment due date. You agree to update your Card information if it changes by contacting the Club at seasontickets@brewers.com . You represent and warrant that you are the owner or authorized user of the Card."
brewers,sth_terms,7,"You may cancel this Payment Authorization at any time by contacting the Club within such time as to allow the Club a reasonable amount of time to process and act on your request. Canceling this Payment Authorization will not affect any obligation you may have under the Plan. Each charge to the Card will be processed in U.S. Dollars and, if a charge is converted into another currency, its amount may vary based on fluctuations in the applicable conversion rate. You acknowledge that the Club is not obligated to accept more than one payment card from you or any other cardholder. In the event of a conflict between this Payment Authorization and any other payment authorization you have previously provided to the Club (whether written or verbal), this Payment Authorization shall supersede and govern. You may also cancel this Payment Authorization by contacting your banking or credit institution."
brewers,sth_terms,8,"In light of any distancing requirements, reduction of Ballpark seating capacity to less than 100%, and/or other health and safety regulations of Major League Baseball or any governmental authority, the Brewers reserve the right to provide the account holder with (i) an account credit (which may be accompanied by a presale opportunity for the impacted game(s), subject to availability) equal to the paid value of the relevant tickets and parking, (ii) a refund equal to the paid value of the relevant tickets and parking, or (iii) ticket relocation to alternate locations as close to the original location as possible, subject to availability and pod requirements, with priority given based on plan type and account tenure; in each case in lieu of the use of the original tickets. If reassignment results in tickets being relocated to a location with a lower price point, the difference in cost will be reimbursed to the account holder. If a newly-assigned seating location is not acceptable to the account holder, the account holder will have the option, in lieu of the use of the tickets in the newly-assigned location, to instead receive an account credit or a refund equal to the paid value of the relevant tickets, by notifying the Brewers of the election within 14 days after being notified of the reassigned ticket location."
brewers,sth_terms,9,"For any postponed games, account holders may choose to either retain the ticket rights for the rescheduled date or, alternatively, receive an account credit or a refund equal to the paid value of the relevant tickets and parking by notifying the Brewers of such election by the earlier of (a) the day before the rescheduled date or (b) 30 days after the postponement announcement. For any cancelled games that are not replaced or rescheduled, account holders will receive an account credit or a refund equal to the paid value of the relevant tickets and parking. Account credits can be applied to invoices for previously purchased ticket plans or used towards single game ticket and parking purchases through the immediately-following season. Account holders will receive an email within 48 hours of any postponement or cancellation announcement with further instructions to confirm the selected action."
brewers,sth_terms,10,"Specific Terms Governing Selling and Buying Tickets Through My Brewers Tickets. If you sell a Ticket through the Marketplace, in addition to the Terms of Use specifically applicable to the Website and the Marketplace, you agree to be bound by the following terms: Selling a Ticket. Non-Authorized Ticket Holders. Non-authorized Ticket account holders are not authorized to sell any Tickets on the Marketplace through My Brewers Tickets, even if such Ticket[s] were previously bought through the Marketplace. Seller and Buyer. You agree that when you use My Brewers Tickets to access the Marketplace in order to sell any Ticket, each of those transactions is between you and other My Brewers Tickets or users, as applicable, and that none of the Brewers, Tickets.com or MLBAM are parties to any such transaction. The sole purpose of the Brewers, Tickets.com and MLBAM is to provide the technology to facilitate the sale of your Tickets through your use of the Services. None of the Brewers, Tickets.com or MLBAM is acting as an agent for either the buyer or seller. Title to Sold Tickets. After you have posted a Ticket on the Marketplace from your My Brewers Tickets account and a buyer has elected to purchase that Ticket, title to the Ticket will automatically be transferred to the buyer. None of the Brewers, Tickets.com or MLBAM will ever take title to a Ticket during the course of a Ticket sale. A Ticket sale is complete when a buyer agrees to buy a Ticket that has been sent from the seller’s My Brewers Tickets account to a buyer on the Marketplace. When a seller posts a Ticket for sale on the Marketplace, the seller is authorizing the Brewers and Tickets.com to invalidate the barcode imprinted on that Ticket and to issue a new Ticket to the buyer with a replacement barcode upon completion of the sale. The sales price of the Ticket and any other applicable fees and charges will be charged to the buyer’s credit card upon completion of the sale. All Ticket sales are final and not revocable by the seller or the buyer. Seller’s Risk of Loss. No assurances can be made that a buyer will complete a Ticket purchase. A seller bears all risk of loss if, for any reason, a buyer fails to make payment for any Ticket purchase. Timing of Payment. Upon completion of a sale on the Marketplace, a seller will receive a payment in accordance with the terms of the User Agreement. Please refer to the Seller Q&A for more detail on timing of payments. No Use of Sold Tickets. After a Ticket is sold on the Marketplace and deactivated that Ticket will no longer be valid for any purpose, including admission to the game designated on that Ticket. A seller will receive one warning if any attempt is made to use such seller’s Ticket after such Ticket has been deactivated. Any subsequent attempt to use any deactivated Ticket following such warning may result in the seller’s permanent loss of eligibility to use My Brewers Tickets and the revocation of the seller’s season Ticket account. None of the Brewers, Tickets.com , MLBAM will be liable for any damage, loss or claim relating to anyone’s use or attempted use of any deactivated Ticket. Cancelled Games. After a seller has sold a Ticket to a game, if that game is cancelled, will issue a refund to a buyer in accordance with the terms of the User Agreement. Please refer to the Buyer Q&A for more detail on refund policies. Buying a Ticket. Ticket Seller. None of the Brewers, Tickets.com or MLBAM is the seller of any Ticket that you purchase through the Marketplace. The sole purpose of Tickets.com , the Brewers and MLBAM is to provide the technology to facilitate the sale of a Ticket to you through the Marketplace. Service and Other Charges. Any and all fees assessed to a Ticket purchase above the listed Ticket price on the Marketplace are at the discretion of and subject to change without notice. None of the Brewers, Tickets.com or MLBAM is acting as an agent for either the buyer or seller. Obligation to Complete Purchase. You agree that time is of the essence with respect to all Ticket purchases. All title, rights and obligations with respect to any Ticket will pass from the seller to you upon completion of a Ticket purchase. Any failure by you to pay for Ticket[s] purchased through the Marketplace may result in your permanent disqualification from further use of the Marketplace, the Website, or any of the other Services offered through My Brewers Tickets, at the Brewers’ discretion. Cancelled Games. If a game is cancelled after you complete your purchase of a Ticket to that game, will issue a refund to the buyer in accordance with the terms of the User Agreement. Please refer to the Buyer Q&A for more detail on refund policies. Rescheduled Games. If a game is rescheduled after you purchase a Ticket for that game, the Ticket that you purchased will remain valid and use of such Ticket will be subject to those policies applicable to Brewers Ticket holders generally, as the Brewers may amend such policies from time to time. You are not entitled to a refund or to otherwise retract your purchase of Ticket because the game was rescheduled and it is your responsibility to verify any changes to the information printed on the Ticket, including the date and time of the game."
brewers,sth_terms,11,"Selling a Ticket. Non-Authorized Ticket Holders. Non-authorized Ticket account holders are not authorized to sell any Tickets on the Marketplace through My Brewers Tickets, even if such Ticket[s] were previously bought through the Marketplace. Seller and Buyer. You agree that when you use My Brewers Tickets to access the Marketplace in order to sell any Ticket, each of those transactions is between you and other My Brewers Tickets or users, as applicable, and that none of the Brewers, Tickets.com or MLBAM are parties to any such transaction. The sole purpose of the Brewers, Tickets.com and MLBAM is to provide the technology to facilitate the sale of your Tickets through your use of the Services. None of the Brewers, Tickets.com or MLBAM is acting as an agent for either the buyer or seller. Title to Sold Tickets. After you have posted a Ticket on the Marketplace from your My Brewers Tickets account and a buyer has elected to purchase that Ticket, title to the Ticket will automatically be transferred to the buyer. None of the Brewers, Tickets.com or MLBAM will ever take title to a Ticket during the course of a Ticket sale. A Ticket sale is complete when a buyer agrees to buy a Ticket that has been sent from the seller’s My Brewers Tickets account to a buyer on the Marketplace. When a seller posts a Ticket for sale on the Marketplace, the seller is authorizing the Brewers and Tickets.com to invalidate the barcode imprinted on that Ticket and to issue a new Ticket to the buyer with a replacement barcode upon completion of the sale. The sales price of the Ticket and any other applicable fees and charges will be charged to the buyer’s credit card upon completion of the sale. All Ticket sales are final and not revocable by the seller or the buyer. Seller’s Risk of Loss. No assurances can be made that a buyer will complete a Ticket purchase. A seller bears all risk of loss if, for any reason, a buyer fails to make payment for any Ticket purchase. Timing of Payment. Upon completion of a sale on the Marketplace, a seller will receive a payment in accordance with the terms of the User Agreement. Please refer to the Seller Q&A for more detail on timing of payments. No Use of Sold Tickets. After a Ticket is sold on the Marketplace and deactivated that Ticket will no longer be valid for any purpose, including admission to the game designated on that Ticket. A seller will receive one warning if any attempt is made to use such seller’s Ticket after such Ticket has been deactivated. Any subsequent attempt to use any deactivated Ticket following such warning may result in the seller’s permanent loss of eligibility to use My Brewers Tickets and the revocation of the seller’s season Ticket account. None of the Brewers, Tickets.com , MLBAM will be liable for any damage, loss or claim relating to anyone’s use or attempted use of any deactivated Ticket. Cancelled Games. After a seller has sold a Ticket to a game, if that game is cancelled, will issue a refund to a buyer in accordance with the terms of the User Agreement. Please refer to the Buyer Q&A for more detail on refund policies."
brewers,sth_terms,12,"Title to Sold Tickets. After you have posted a Ticket on the Marketplace from your My Brewers Tickets account and a buyer has elected to purchase that Ticket, title to the Ticket will automatically be transferred to the buyer. None of the Brewers, Tickets.com or MLBAM will ever take title to a Ticket during the course of a Ticket sale. A Ticket sale is complete when a buyer agrees to buy a Ticket that has been sent from the seller’s My Brewers Tickets account to a buyer on the Marketplace. When a seller posts a Ticket for sale on the Marketplace, the seller is authorizing the Brewers and Tickets.com to invalidate the barcode imprinted on that Ticket and to issue a new Ticket to the buyer with a replacement barcode upon completion of the sale. The sales price of the Ticket and any other applicable fees and charges will be charged to the buyer’s credit card upon completion of the sale. All Ticket sales are final and not revocable by the seller or the buyer."
brewers,sth_terms,13,"Title to Sold Tickets. After you have posted a Ticket on the Marketplace from your My Brewers Tickets account and a buyer has elected to purchase that Ticket, title to the Ticket will automatically be transferred to the buyer. None of the Brewers, Tickets.com or MLBAM will ever take title to a Ticket during the course of a Ticket sale. A Ticket sale is complete when a buyer agrees to buy a Ticket that has been sent from the seller’s My Brewers Tickets account to a buyer on the Marketplace. When a seller posts a Ticket for sale on the Marketplace, the seller is authorizing the Brewers and Tickets.com to invalidate the barcode imprinted on that Ticket and to issue a new Ticket to the buyer with a replacement barcode upon completion of the sale. The sales price of the Ticket and any other applicable fees and charges will be charged to the buyer’s credit card upon completion of the sale. All Ticket sales are final and not revocable by the seller or the buyer."
brewers,sth_terms,14,"Cancelled Games. After a seller has sold a Ticket to a game, if that game is cancelled, will issue a refund to a buyer in accordance with the terms of the User Agreement. Please refer to the Buyer Q&A for more detail on refund policies."
brewers,sth_terms,15,"Cancelled Games. After a seller has sold a Ticket to a game, if that game is cancelled, will issue a refund to a buyer in accordance with the terms of the User Agreement. Please refer to the Buyer Q&A for more detail on refund policies."
brewers,sth_terms,16,"Buying a Ticket. Ticket Seller. None of the Brewers, Tickets.com or MLBAM is the seller of any Ticket that you purchase through the Marketplace. The sole purpose of Tickets.com , the Brewers and MLBAM is to provide the technology to facilitate the sale of a Ticket to you through the Marketplace. Service and Other Charges. Any and all fees assessed to a Ticket purchase above the listed Ticket price on the Marketplace are at the discretion of and subject to change without notice. None of the Brewers, Tickets.com or MLBAM is acting as an agent for either the buyer or seller. Obligation to Complete Purchase. You agree that time is of the essence with respect to all Ticket purchases. All title, rights and obligations with respect to any Ticket will pass from the seller to you upon completion of a Ticket purchase. Any failure by you to pay for Ticket[s] purchased through the Marketplace may result in your permanent disqualification from further use of the Marketplace, the Website, or any of the other Services offered through My Brewers Tickets, at the Brewers’ discretion. Cancelled Games. If a game is cancelled after you complete your purchase of a Ticket to that game, will issue a refund to the buyer in accordance with the terms of the User Agreement. Please refer to the Buyer Q&A for more detail on refund policies. Rescheduled Games. If a game is rescheduled after you purchase a Ticket for that game, the Ticket that you purchased will remain valid and use of such Ticket will be subject to those policies applicable to Brewers Ticket holders generally, as the Brewers may amend such policies from time to time. You are not entitled to a refund or to otherwise retract your purchase of Ticket because the game was rescheduled and it is your responsibility to verify any changes to the information printed on the Ticket, including the date and time of the game."
brewers,sth_terms,17,"Cancelled Games. If a game is cancelled after you complete your purchase of a Ticket to that game, will issue a refund to the buyer in accordance with the terms of the User Agreement. Please refer to the Buyer Q&A for more detail on refund policies."
brewers,sth_terms,18,"Rescheduled Games. If a game is rescheduled after you purchase a Ticket for that game, the Ticket that you purchased will remain valid and use of such Ticket will be subject to those policies applicable to Brewers Ticket holders generally, as the Brewers may amend such policies from time to time. You are not entitled to a refund or to otherwise retract your purchase of Ticket because the game was rescheduled and it is your responsibility to verify any changes to the information printed on the Ticket, including the date and time of the game."
brewers,sth_terms,19,"Specific Terms Governing Use of Forward. If you forward a Ticket through Forward, you agree to be bound to the following terms. If you are a qualified My Brewers Tickets account holder of record and are forwarding a Ticket, you are referred to below as the “Sender”. If you are receiving a forwarded Ticket, you are referred to below as the “Recipient”. Forwarding Tickets. If you are a Sender, you may forward one or more of your Tickets to a home game to any person, provided that the Recipient has a valid email address. You authorize the Brewers and Tickets.com to cancel and deactivate each Ticket that you forward and to reissue a valid Ticket to the Recipient. Receiving Forwarded Tickets. If you are a Recipient, a new Ticket with a replacement barcode will be issued to you for any tickets forwarded to you. A Ticket that has been forwarded to you is only valid for the game imprinted on that Ticket (or the alternative game, solely in the event of a rescheduled game), and is only for your own personal use. Once a ticket has been forwarded, it cannot be forwarded again until it has been printed. Use of Original Ticket After Forward. The Sender will receive one warning if any attempt is made to use such Sender’s Ticket after such Ticket has been deactivated. Any subsequent attempts to use any deactivated Ticket following such warning may result in the permanent disqualification of the Sender from use of the Services and revocation of the Sender’s season Ticket. None of the Brewers, Tickets.com or MLBAM will be liable for any damage, loss or claim relating to the use, or attempted use of any deactivated Ticket. Rescheduled Games. In the event a game is postponed or rescheduled, any Recipient will be subject to those policies applicable to Brewers Ticket holders generally, as the Brewers may amend such policies from time to time. It is the Recipient’s responsibility to verify any changes to the information printed on the Ticket, including the date and time of the game. Cancelled Games. Ticket forwards for games that are cancelled will be reversed. Any Ticket that was forwarded to a Recipient for any cancelled game will be deactivated and will no longer be valid, and such Recipient will have no further rights in connection with that Ticket. Any forwarded Ticket for any cancelled game will be subject to those policies applicable to season Ticket holders generally, as such policies may be amended by the Brewers from time to time. You understand that Brewers games may be cancelled from time to time and that none of the Brewers, Tickets.com or MLBAM is responsible for any loss or damage in connection with such cancelled games."
brewers,sth_terms,20,"Forwarding Tickets. If you are a Sender, you may forward one or more of your Tickets to a home game to any person, provided that the Recipient has a valid email address. You authorize the Brewers and Tickets.com to cancel and deactivate each Ticket that you forward and to reissue a valid Ticket to the Recipient."
brewers,sth_terms,21,"Forwarding Tickets. If you are a Sender, you may forward one or more of your Tickets to a home game to any person, provided that the Recipient has a valid email address. You authorize the Brewers and Tickets.com to cancel and deactivate each Ticket that you forward and to reissue a valid Ticket to the Recipient."
brewers,sth_terms,22,"Rescheduled Games. In the event a game is postponed or rescheduled, any Recipient will be subject to those policies applicable to Brewers Ticket holders generally, as the Brewers may amend such policies from time to time. It is the Recipient’s responsibility to verify any changes to the information printed on the Ticket, including the date and time of the game."
brewers,sth_terms,23,"Rescheduled Games. In the event a game is postponed or rescheduled, any Recipient will be subject to those policies applicable to Brewers Ticket holders generally, as the Brewers may amend such policies from time to time. It is the Recipient’s responsibility to verify any changes to the information printed on the Ticket, including the date and time of the game."
brewers,sth_terms,24,"Cancelled Games. Ticket forwards for games that are cancelled will be reversed. Any Ticket that was forwarded to a Recipient for any cancelled game will be deactivated and will no longer be valid, and such Recipient will have no further rights in connection with that Ticket. Any forwarded Ticket for any cancelled game will be subject to those policies applicable to season Ticket holders generally, as such policies may be amended by the Brewers from time to time. You understand that Brewers games may be cancelled from time to time and that none of the Brewers, Tickets.com or MLBAM is responsible for any loss or damage in connection with such cancelled games."
brewers,sth_terms,25,"Cancelled Games. Ticket forwards for games that are cancelled will be reversed. Any Ticket that was forwarded to a Recipient for any cancelled game will be deactivated and will no longer be valid, and such Recipient will have no further rights in connection with that Ticket. Any forwarded Ticket for any cancelled game will be subject to those policies applicable to season Ticket holders generally, as such policies may be amended by the Brewers from time to time. You understand that Brewers games may be cancelled from time to time and that none of the Brewers, Tickets.com or MLBAM is responsible for any loss or damage in connection with such cancelled games."
brewers,sth_terms,26,"Termination of Participation. The Brewers may, in their sole discretion, and at any time, terminate, suspend or restrict your use of the Services immediately and without notice, with or without cause, including without limitation, if the Brewers determine that (A) you have violated the terms of this Agreement or any other applicable terms, conditions or restrictions, (B) you have violated, or attempted to violate, the rights of other My Brewers Tickets participants, © you have violated any policy, rule, regulation or direction of the Brewers relating to either the Brewers and/or American Family Field, as each may be amended from time to time by the Brewers in their sole discretion, or (D) you have violated, or attempted to violate, any applicable law, statute, ordinance, rule, regulation or order, including without limitation, any such law, statute, ordinance, rule, regulation or order regarding fraudulent activity. None of Tickets.com , the Brewers, or MLBAM will be liable to you or any third party for any loss or claim arising out of such termination. Upon such termination (i) you will cease use of the Services, (ii) any of your Ticket transactions for future game dates may be cancelled, (iii) set-offs and debits may be taken against your account, and (iv) any other actions available to the Brewers, Tickets.com or MLBAM at law or in equity may be taken against you."
brewers,sth_terms,27,"Termination of Participation. The Brewers may, in their sole discretion, and at any time, terminate, suspend or restrict your use of the Services immediately and without notice, with or without cause, including without limitation, if the Brewers determine that (A) you have violated the terms of this Agreement or any other applicable terms, conditions or restrictions, (B) you have violated, or attempted to violate, the rights of other My Brewers Tickets participants, © you have violated any policy, rule, regulation or direction of the Brewers relating to either the Brewers and/or American Family Field, as each may be amended from time to time by the Brewers in their sole discretion, or (D) you have violated, or attempted to violate, any applicable law, statute, ordinance, rule, regulation or order, including without limitation, any such law, statute, ordinance, rule, regulation or order regarding fraudulent activity. None of Tickets.com , the Brewers, or MLBAM will be liable to you or any third party for any loss or claim arising out of such termination. Upon such termination (i) you will cease use of the Services, (ii) any of your Ticket transactions for future game dates may be cancelled, (iii) set-offs and debits may be taken against your account, and (iv) any other actions available to the Brewers, Tickets.com or MLBAM at law or in equity may be taken against you."
brewers,sth_terms,28,Notices. The following notices apply with respect to any loan agreement or other consumer credit contract subject to the Wisconsin Consumer Act that you enter with the Brewers or through use of the Services or the Website:
brewers,sth_terms,29,Notices. The following notices apply with respect to any loan agreement or other consumer credit contract subject to the Wisconsin Consumer Act that you enter with the Brewers or through use of the Services or the Website:
brewers,sth_terms,30,"NOTICE TO WISCONSIN RESIDENTS: No provision of a marital property agreement, a unilateral statement under Wisconsin Statute section 766.59 or a court decree under Wisconsin Statute section 766.70 adversely affects the interest of the creditor unless the creditor, prior to the time credit is granted, is furnished a copy of the agreement, statement or decree or has actual knowledge of the adverse provision when the obligation to the creditor is incurred."
brewers,sth_terms,31,YOU HAVE THE RIGHT AT ANY TIME TO PAY IN ADVANCE THE UNPAID BALANCE DUE UNDER THE AGREEMENT AND YOU MAY BE ENTITLED TO A PARTIAL REFUND OF THE FINANCE CHARGE.
brewers,sth_terms,32,NOTICE: ANY HOLDER OF A CONSUMER CREDIT CONTRACT IS SUBJECT TO ALL CLAIMS AND DEFENSES WHICH THE DEBTOR COULD ASSERT AGAINST THE SELLER OF GOODS OR SERVICES OBTAINED PURSUANT HERETO OR WITH THE PROCEEDS HEREOF. RECOVERY THEREUNDER BY THE DEBTOR SHALL NOT EXCEED AMOUNTS PAID BY THE DEBTOR THEREUNDER.
cardinals,sth_terms,0,📊 Annual Resale Limit: Season Ticket Holders may not list or sell more than 60% of the individual tickets their season ticket package for the year. Exceeding this limit may be considered commercial activity and may result in ticket cancellation.
cardinals,sth_terms,1,📊 Annual Resale Limit: Season Ticket Holders may not list or sell more than 60% of the individual tickets their season ticket package for the year. Exceeding this limit may be considered commercial activity and may result in ticket cancellation.
cardinals,sth_terms,2,"e. The initial issue of Tickets under the Account will be a final sale, and Season Ticket Holder is not entitled to any refunds or exchanges as a right; provided, however, any action by the Club to the contrary shall not be construed as a waiver of anything set forth in this Policy and/or the Ticket Terms. This Policy will be subject to any terms and conditions to the contrary in any active Account agreement under which the Season Ticket Holder is in good standing."
cardinals,sth_terms,3,3. Deposits and Payment Authorization; Refunds
cardinals,sth_terms,4,"The purchase of Season Tickets pursuant to this Policy may require Season Ticket Holder to place a non-refundable/non-transferable deposit (“Deposit”) in an amount determined by the Club and as set forth in the Invoice. By placing a Deposit with a credit card or debit card, or paying for Season Tickets with a credit card or debit card, a Season Ticket Holder authorizes the Club to charge the credit card or debit card account identified or provided by the Season Ticket Holder, or any substitute credit card or debit card account that Season Ticket Holder may later provide for the Deposit and/or Season Tickets. Season Ticket Holder further authorizes the Club to issue any applicable Ticket refunds to the credit or debit card used for the original purchase of such Ticket(s)."
cardinals,sth_terms,5,"c. In the event of any purported transfer, offer of transfer, or attempted transfer of an Account that is not expressly permitted under this Policy or a separate written agreement between Season Ticket Holder and the Club, the Club has the right to terminate the applicable Account and/or cancel any applicable Tickets."
cardinals,sth_terms,6,"e. The Club reserves the right to cancel Tickets for any reason, in the sole discretion of the Club, which, if such cancellation is made without cause, Season Ticket Holder will solely be entitled to a refund of the original cost of the Ticket to the Season Ticket Holder as determined by the Club, and the Club’s maximum liability to Season Ticket Holder shall not exceed such amount."
cardinals,sth_terms,7,"vii. “ License Revocation ” is a defined term for any of the following actions by the Event Host, which the Event Host may take without prior notice to any Licensee: (i) termination of the Revocable License granted by the Ticket, including, without limitation, deactivation, cancellation or revocation of the Ticket, (ii) the seizure, cancellation or refusal to accept the Ticket without refund or other compensation, and/or (iii) termination of the Revocable License granted for all Tickets that are controlled by or affiliated with such Licensee or individuals/entities determined by the Club to be associated with such Licensee, or in the case of Broker Activity, any Tickets associated with such Broker Activity, each (items (i) through (iii), above) without refund or other compensation."
cardinals,sth_terms,8,"e. Season Ticket Holder expressly acknowledges and agrees that the Event Host issues Tickets to the Original Licensee for the purpose of permitting the Original Licensee or any subsequent holder receiving the Ticket through a Permitted Transfer (defined below) to attend the baseball game or other event to which the Revocable License of such Ticket applies and not for any other purposes, including, without limitation, for the Original Licensee to attempt to realize Excess Value through any enterprise. As such, Season Ticket Holder acknowledges that non-permitted Transfers of Tickets may terminate the Revocable License granted for the usage of the Ticket or constitute a basis for the seizure or cancellation of the Ticket without refund or other compensation."
cardinals,sth_terms,9,"i. Club reserves all rights to monitor ticket Resale and Broker Activity and enforce these policies accordingly, including, without limitation, termination of the Season Ticket Holder’s Account or cancellation or some or all Tickets associated with any such Season Ticket Holder’s Account. Season Ticket Holder acknowledges and understands that Season Ticket Holder will be responsible for the conduct of any Affiliate that is contrary to this Policy and Club has the right under this Policy to terminate Season Ticket Holder’s account on the basis of the conduct of an Affiliate."
cardinals,sth_terms,10,"Notwithstanding any other provision of this Policy, Season Ticket Holder acknowledges and agrees that the Revocable License for all Tickets held within an Account as well as the Account itself may be terminated by the Club at any time, in the sole discretion of the Club, when cause for termination exists under this Policy. Cause for termination of a Revocable License and/or Account includes, without limitation: (i) failure of Season Ticket Holder to comply with the terms of this Policy, (ii) failure of Season Ticket Holder to comply with the Ticket Terms and Conditions and/or rules of the Venue, to which the Club reserves the right to modify or change from time to time. If the Club determines cause exists to terminate a Revocable License and/or Account, the Club may terminate such Revocable License and/or Account at any time without providing prior written notification to Season Ticket Holder. If such termination, as determined by the Club in its sole discretion, is the result of a material breach of the terms and conditions of this Policy, the Season Ticket Holder shall not be entitled to any refund, return of fees, future credit, or damages of any kind."
cardinals,sth_terms,11,"f. UNDER NO CIRCUMSTANCES WILL CLUB HAVE ANY LIABILITY TO THE SEASON TICKET HOLDER OR ANY THIRD PARTY FOR ANY CONSEQUENTIAL, EXEMPLARY, INCIDENTAL, INDIRECT, punitive OR SPECIAL DAMAGES OR COSTS (INCLUDING ATTORNEYS’ FEES) RESULTING FROM ANY CLAIM (whether in contract, tort, negligence, strict liability or products liability) regarding this POLICY, EVEN IF SUCH OTHER PARTY HAS BEEN ADVISED OF THE POSSIBILITY OF SUCH DAMAGES. To the extent the Club cancels any Ticket or terminates an Account hereunder, the Club’s liability to Season Ticket Holder shall not exceed, as applicable, the value of the Ticket(s) cancelled or the pro-rata portion of the Ticket fees actually paid by Season Ticket Holder for the remaining Tickets in the Account following the termination that have not been previously refunded by the Club to Season Ticket Holder."
cardinals,general_terms,0,"The Revocable License for the Event at the Venue only grants entry into the Venue and a specified spectator seat, club area, or standing room (as applicable) for the duration of the Event. The Event Hosts reserve the right to terminate the Revocable License granted by this ticket at any time, for any reason or no reason, and any such revocation will be in the Event Hosts’ sole and exclusive discretion. Admission may be refused or Licensee may be ejected in the sole discretion of Event Hosts, subject to a refund of the price originally paid to the Event Host in accordance with this Agreement for this ticket, or without a refund if Licensee (a) fails to comply with any applicable law, (b) acts in an improper, disorderly, or unbecoming manner, including without limitation, uses vulgar or abusive language, or engages in conduct deemed by the Event Hosts to be improper, disorderly or unbecoming, (c) is or appears to be intoxicated, (d) does not present a valid ticket upon request, or (e) fails to meet or comply with (i) the terms of the Agreement, (ii) any rules applicable to the Venue or (iii) any instruction provided by any authorized representative of the Event Host regarding conduct in contravention to the rules of the Venue and/or the safety of other individuals present at the Venue. The Venue code of conduct is available at cardinals.com/security ."
cardinals,general_terms,1,"To the extent permitted by applicable law, and notwithstanding anything to the contrary in this Agreement, the total aggregate liability of Event Hosts to Licensee arising out of or in connection with (a) the ticket, the Revocable License, and/or Licensee’s presence at the Venue or Event, (b) Licensee’s use or prevention of use of the ticket, ejection, removal or relocation of Licensee from or within the Venue, (c) any deactivation, cancellation or revocation of the ticket (prior or after presentation by the Licensee for admission to an Event), (d) any exercise of a License Revocation, or (e) Medical Transit and Treatment, or (f) any other actual or alleged act or omission of the Event Hosts in absence of negligence, bad faith or willful misconduct shall in no event exceed the Original Distribution Price (defined below). Any Licensee who needs assistance in determining the Original Distribution Price may contact the Event Hosts to obtain such information."
cardinals,general_terms,2,"Licensee expressly acknowledges and agrees that this and any tickets to an Event at the Venue are sold for the purpose of permitting a Licensee or any subsequent Licensee receiving a Permitted Transfer (defined below) of such ticket to attend the Event represented by the ticket. As such, Licensee acknowledges that non-permitted Transfers of tickets (the “ Ticket Transfer Restrictions ”) may terminate the Revocable License granted for the usage of the ticket or constitute a basis for the seizure or cancellation of the ticket without refund or other compensation."
cardinals,general_terms,3,"“ License Revocation ” is a defined term for any of the following actions by the Event Host, which the Event Host may take without prior notice to any Licensee: (i) termination of the Revocable License granted by the ticket, including, without limitation, deactivation, cancellation or revocation of the ticket, (ii) the seizure, cancellation or refusal to accept the ticket without refund or other compensation, and/or (iii) termination of the Revocable License granted for all tickets that are controlled by or affiliated with such Licensee or individuals/entities determined by the Event Hosts to be associated with such Licensee, or in the case of Broker Activity, any tickets associated with such Broker Activity, each (items (i) through (iii), above) without refund or other compensation."
cardinals,general_terms,4,"From time to time, the Event Host may offer tickets for sale or other distribution subject to Original Distribution Conditions. Any Original Distribution that violates the Original Distribution Conditions, as determined by the Event Host in Event Hosts’ sole discretion, is cause for a License Revocation, including, without limitation, any use of multiple ticket accounts associated with the same individual, entity or method of payment (e.g., credit card) in a manner that circumvents the Original Distribution Conditions."
cardinals,general_terms,5,"Notwithstanding anything in this Agreement to the contrary, the Event Hosts may, at Event Hosts’ sole discretion, exercise a License Revocation of any ticket without cause upon providing a refund of the Original Distribution Price in accordance with this Agreement."
cardinals,general_terms,6,"Except as expressly provided in this Agreement: (a) the Licensee will not be entitled to any refund, including the amount paid for the ticket or other amount referenced on the face of the ticket, and (b) the Licensee will not be entitled to exchange the ticket for any other Event."
cardinals,general_terms,7,"14. Postponement, Cancellation and Refund Policies"
cardinals,general_terms,8,"If the Event is canceled or postponed due to rain, other inclement weather conditions or any other reason, or the Event proceeds under circumstances by which the seating capacity of the Venue is reduced, this ticket will be subject to Event Hosts’ announced policy for the Event. Licensee must retain the ticket until the Event Hosts announce the policy for the Event, which may be through the media or cardinals.com. When the Event is a Major League Baseball game, should the game progress to or beyond a point of play constituting a regulation game, no refunds will be issued. Otherwise, refunds for abbreviated Events will be issued only in accordance with the Event Hosts’ announced policy for the Event."
cardinals,general_terms,9,"When the applicable ticket policy for an Event includes a refund or a refund is otherwise permitted in accordance with this Agreement, in no event will the Event Hosts issue a refund that exceeds the Original Distribution Price. The Event Hosts reserve the right to issue any and all refunds to the Original Licensee, even if the Original Licensee is not the Licensee at the time the refund policy or decision comes into effect. If the Original Licensee purchased the ticket as part of a full or partial season ticket package or any other package, the refund will be calculated on the basis of average ticket price of the applicable package paid by the Original Licensee. Unless expressly provided otherwise in an applicable Event refund policy, the Event Hosts will not be responsible for refunds to Licensees who are not the Original Licensee."
cardinals,general_terms,10,"Giveaway dates, items, and quantities are subject to change in the sole discretion of the Event Hosts. The availability of giveaway items cannot be guaranteed due to potential shipping delays, postponement or cancellation of a game or for any other causes. If a giveaway item is not available when gates open for the applicable game, the Event Hosts will, at its sole discretion, determine and announce a make-good policy for eligible ticketholders, which policy may include an alternative giveaway item or voucher. The Event Hosts reserve the right to modify any such make-good policy in its discretion."
cubs,sth_terms,0,"1. For the purposes of this License, the “ Licensee ” is the adult individual or legal business entity account holder of record to whom the Ticket Account is registered in accordance with Paragraph 3, below. This License covers each Ticket Account pursuant to which Licensee is permitted to purchase Tickets for all or a predetermined number of Club's regular season home games (each a “ Game ” and collectively the “ Games ”). Each Ticket covered by the License represents a separate, non-renewable, revocable License which permits the bearer the right to: (a) enter the publicly-accessible areas of Wrigley Field or Sloan Park, as applicable (the “ Ballpark ”) at times determined by Club; (b) attend the Game identified on the Ticket; and (c) sit in the seat location identified on the Ticket. Notwithstanding the foregoing, the Club reserves the right to move or reseat any individual at any time as needed to ensure a safe and orderly Game presentation, or otherwise in the event construction, weather, or other causes outside the control of Club require the closure of one or more seats or sections. This License, the Ticket Account, and Tickets are revocable at the sole and absolute discretion of Club, with or without cause, including, but not limited to, failure to pay any outstanding fees when due. Without limiting the foregoing, Licensees are advised Club may cancel any Ticket Account, revoke any License or take other appropriate action, including, without limitation, ejection and further legal action for any breach of season ticket license terms and conditions and/or violation of the rules and policies of Club or Ballpark, including, but not limited to: (a) any form of fraudulent activity, including without limitation fraudulently obtaining wheelchair and companion seats; (b) the purchase of Tickets for the purpose and intent of reselling the Tickets on the secondary market; or (c) use of Tickets for sweepstakes, contests and/or promotions without the prior written consent of Club."
cubs,sth_terms,1,"2. The License covers only the Games and Licensee acknowledges and agrees that it has no expectancy, right, or privilege to Tickets to any specific seat(s) or any other event at the Ballpark, including without limitation, concerts, non-baseball events, exhibitions, or postseason games played by Club (e.g., Wild Card games, Division Series, League Championship Series and World Series games, hereinafter “ Postseason Events ”), or any other events held at the Ballpark (e.g., the All Star Game, etc.), except for as otherwise stated in this Agreement. The purchase of tickets for Postseason Events or other events at the Ballpark, if offered by Club, shall be subject to the terms and conditions as set forth, from time to time, by Major League Baseball (“ MLB ”), Club, or the event/concert promoter or organizer, as applicable, published in connection with such applicable offer. Licensee’s Ticket Account does not guarantee them access to tickets to Postseason Events or any other events at the Ballpark, and nothing herein shall constitute an offer, promise or guarantee of tickets to Postseason Events or other events. If tickets to such other events are sold, Licensee is not guaranteed a right to purchase. Any opportunity granted by Club to renew the License or to purchase tickets to Postseason Events or other events is a revocable privilege, at any time, in Club's sole and absolute discretion. For the avoidance of doubt, if a Ticket Account applies credit from unused Postseason Event tickets or Postseason Event ticket deposits towards a deposit for a Ticket Account for a subsequent season, it does not guarantee a renewal of any Ticket Account for the subsequent season. In the event Licensee’s Ticket Account is not renewed by the Club, any unused deposit will be refunded via their original method of payment. In addition, Licensee’s Ticket Account does not guarantee them any particular seating location to any Postseason Events or other events. For example, the Budweiser Bleachers are general admission during regular season Games, but will be reserved seating for any applicable Postseason Event. As such, pursuant to MLB rules, all Account Holders purchasing regular season plans are subject to relocation for Postseason Events. In the event Club reaches the postseason, Club will communicate additional postseason location and ticket information to Licensee."
cubs,sth_terms,2,"4. Each season during the term of the License, Licensee shall receive and pay the fees listed in the Invoice by the communicated payment deadline. The Invoiced fees shall be inclusive of all applicable taxes and fees. Licensee’s ticket plan is not divisible or severable and must be paid in full by the deadline associated with the Ticket Account prior to receiving any License for the applicable Season. In addition, all deposits are non-refundable. The failure of Licensee to remit payment in accordance with the terms of this Agreement or pursuant to the Invoice or otherwise communicated payment deadline shall constitute a “ Default Event ” under this Agreement. Upon the occurrence of a Default Event, Club may, at its sole option, terminate this Agreement or otherwise suspend Licensee’s use of the License and Club will have no further obligations of any kind to Licensee. Termination of a License due to a Default Event, shall not affect Licensee’s obligation to make all payments coming due after the date of termination under the full term of the License. Additionally, Club reserves the right to pursue any and all options to collect amounts due, including a debt collection agency, litigation, and other legal remedies afforded to it. Club also reserves the right to terminate the License and retain Licensee’s deposit, which means that Licensee shall forfeit their deposit and License tenure and further, Club shall release Licensee’s Tickets."
cubs,sth_terms,3,"6. For each season, Licensee’s ticket plan is not divisible or severable and must be paid in full by the deadline associated with the Ticket Account prior to receiving any License for the applicable season. In addition, all deposits are non-refundable. If Club does not receive the fees due by the communicated deadline, Club reserves the right to terminate the License. Termination of a License for non-payment, shall not affect Licensee’s obligation to make all payments coming due after the date of termination. Additionally, Club reserves the right to pursue any and all options to collect amounts due, including a debt collection agency, litigation, and other legal remedies afforded to it. Club also reserves the right to terminate the License and retain Licensee’s deposit, which means that Licensee shall forfeit their deposit and License tenure and further, Club shall release Licensee’s Tickets."
cubs,sth_terms,4,"8. Any direct or indirect sale, resale, auction, assignment or transfer (collectively, “ resale ”) of any Tickets must be done in accordance with applicable law. Any resale in violation of applicable law will constitute a material breach of this License. Any attempt by two or more persons to gain admission to a Game or other event with both a cancelled Ticket and a reissued Ticket will constitute a material breach of this License. No Ticket(s) may be used for advertising, promotion (including contests, giveaways or sweepstakes) or other trade or commercial purposes without the express prior written consent of Club. The use of any Ticket for commercial or other transactions in violation of this License, with or without the knowledge of the Licensee, is the sole responsibility of Licensee, who shall remain absolutely and unconditionally responsible for any violations of License and material breach of this License. Without limiting the foregoing, Club reserves the right to hold Licensee responsible for the use of any Ticket bar code associated with the Ticket Account. Accordingly, Licensee should control and supervise the use of all Ticket(s) so that the License is not violated or materially breached. Club reserves the right to investigate violations and/or alleged violations of the License and take appropriate action, including, without limitation, revocation of License. The failure of Licensee or any person in possession of the Ticket(s) to cooperate with any investigation constitutes a material breach of this License."
cubs,sth_terms,5,"9. Eligible ticket plan holders only may participate in the Club ticket exchange program, where eligible Licensees may exchange a designated number of regular season home game dates in their ticket plan toward a Qualified Purchase, as defined below. For the avoidance of doubt, an eligible ticket plan is a season ticket plan containing forty-one (41) or more regular season home games. A Qualified Purchase is defined as a: a) purchase of additional tickets for any home game at the Venue during the same regular season (“ Replacement Game ”), subject to ticket availability, the limitations set forth below and/or other Club restrictions; or b) credit (“ Credit ”) to Licensee’s Ticket Account, to be applied toward their renewal of the Ticket Account for the subsequent season. Eligible Licensees may not use the Credit, or any portion of the amount, for any reason other than Licensee’s renewal of their Ticket Account. For sake of clarity, the Credit may not be used to purchase tickets to any concerts, any other non-baseball event held at Ballpark, any restricted games designated by the Club, renewal of another Licensee’s Ticket Account, or parking at the Venue. The Replacement Game must be held and/or the Credit must be applied on or before the end of the current Season. If the Replacement Game is not held on or before the end of the current Season or the Credit is not applied towards a Qualified Purchase by the payment deadline for the subsequent Season, it will automatically expire without notice and shall be forfeited by the Ticket Account holder. The Credit is not redeemable for cash and is non-refundable. The Credit may not be sold, transferred, or offered as a gift. Suites, Premier Club Season Tickets seats, Double Play plans, and game plans with less than forty-one (41) regular season home games are not eligible to participate in the Club ticket exchange program."
cubs,sth_terms,6,"12. In addition to these terms, Licensee shall (and shall cause its guests or any person using a Ticket to) abide by all rules, regulations, terms and conditions, and policies implemented or communicated by Club and Venue. Club reserves the right, without providing any refunds, to revoke the License and potentially take further legal action, refuse admission or eject any person whose conduct is deemed to be disorderly, who uses abusive language, who carries or attempts to carry a prohibited item into the Venue, who fails to comply with the terms and conditions of License, who interferes with any ball in the field of play or any player attempting to make a play on any batted, pitched or thrown baseball, who enters or attempts to enter the field of play or play, placing, dropping, tossing, hurling any substance or object onto the field or otherwise trespassing in any restricted area, or who otherwise violates the Guest Code of Conduct published at cubs.com and applicable to the Venue. Further, Licensee and people using the Tickets shall not attach, hang or display any signs, banners, advertisements or other notices in the Ballpark. Without limiting the foregoing, Licensee and persons using Tickets shall not engage in any campaigning, canvassing or electioneering unless expressly approved in advance, in writing, by Club. Violation of any of the foregoing by Licensee or any person using a Ticket, as determined by Club, may lead to the revocation of License and termination of the Ticket Account."
cubs,sth_terms,7,"14. Club shall not be responsible to Licensee (through a refund of fees or through any other means), for the cancellation or non-performance of any Game or event scheduled at the Venue, or the inability of Licensee to otherwise use the Tickets, where the cancellation, non-performance, or other inability is due to any cause or circumstance beyond Club’s reasonable control, whether caused by a Force Majeure Event (as defined below) or otherwise. Unless specified by Club, Tickets shall bear no cash value and Licensee shall not earn interest on funds held by Club. In the event a Game is canceled or rescheduled due to inclement weather, a Force Majeure Event (as defined below) or circumstances beyond the control of Club, Club shall communicate applicable Game policies to the bearer of the Ticket and/or on Club’s website, cubs.com . In the event a regulation game as defined by MLB (i.e., four and one-half (4 ½) innings if Club is ahead or five (5) full innings if the visiting club is ahead or the Game is tied) is not played due to any adverse weather condition, the Ticket will constitute a rain check subject to any applicable policy announced by Club and published on www.cubs.com for the Game. The Ticket bearer shall retain the applicable Ticket as it may need to be presented to Club to receive a Ticket for the rescheduled Game. For purposes of this Agreement, a “ Force Majeure Event ” includes rain, fire, flood, other acts of nature, acts of God, acts of war or terrorism, federal or state or local governmental orders or restrictions, pandemics, epidemics, severe threats to public health and safety, lockouts, strikes, labor disputes, work stoppage, unavoidable accident, legal restrictions, electronic or electrical interference, telecommunications difficulties, system failure, technical failure, failure of any third party system or product, decisions by MLB and any other cause beyond Club’s control. For the avoidance of doubt, Invoice fees shall be due and payable by the communicated payment deadline regardless of the occurrence or anticipated occurrence of any Force Majeure Event, including, but not limited to the occurrence of a lockout or strike involving MLB, MLB clubs, and the Major League Baseball Players Association, the result of which is a delay or interruption of a regular Season (also referred to as “work stoppage”) If a work stoppage or other Force Majeure Event occurs at any point and results in a failure to complete a full Season (as defined below), any fees paid by Licensee shall be retained by Club and applied to the following Season occurring during the term of the License. Notwithstanding the foregoing, if a work stoppage or Force Majeure Event occurs at any point during the term and results in a failure to complete a full Season, then the term of the License shall be extended for at least one (1) additional Season subject to the terms of this Agreement to which the fees shall be applied. For the avoidance of doubt, a season that has forty-one (41) or more home games is considered to be a full Season and a season that contains less than forty-one (41) home games is not considered a full Season, and in such case where a full Season does not occur, the term of the License shall extend for at least one (1) additional Season."
cubs,sth_terms,8,"18. This Paragraph 18 applies only to Sloan Park Spring Training Season Ticket Holders . For automatic renewal season Ticket Accounts (“ Auto-Renew ”), Licensee’s Ticket Account will renew every year under the following payment terms. LICENSEES WHO HAVE AN AUTO-RENEW TICKET ACCOUNT EXPRESSLY AUTHORIZE THE INITIAL AND CONTINUED PAYMENTS IN ACCORDANCE WITH THEIR SELECTED PAYMENT PLAN FOR THE CURRENT SEASON AND FOR EACH SUBSEQUENT SEASON, UNTIL SUCH TIME AS THEY CHOOSE TO CANCEL THEIR TICKET ACCOUNT AS PROVIDED HEREIN."
cubs,sth_terms,9,b. Payment Plan. Auto-Renew season Ticket Account holders may use one of two payment plans (“ Payment Plan ”). A credit card is required for each Auto-Renew Ticket Account Payment Plan.
cubs,sth_terms,10,"c. Automatic Ticket Renewal. AUTO-RENEW SEASON TICKET ACCOUNT HOLDERS WILL HAVE THEIR TICKET(S) AUTOMATICALLY RENEWED FOR THE UPCOMING SEASON EACH OCTOBER 1ST, UNTIL SUCH TIME AS THEY CHOOSE TO CANCEL THEIR SEASON TICKET(S) IN ACCORDANCE WITH THE PROCEDURES SET FORTH IN THIS AGREEMENT."
cubs,sth_terms,11,Cancellation . Auto-Renew Ticket Account Holders may cancel their season ticket(s) at any time during a season for any reason by providing a cancellation notice to the Club by sending an email to mesa@cubs.com . The cancellation notice must contain Licensee’s Auto-Renew Ticket Account number. Any Auto-Renew Ticket Account Holder who cancels their season ticket(s) will not receive any refunds for any payment(s) made prior to the cancellation and will have all season ticket benefits suspended at the time of cancellation.
dbacks,sth_terms,0,"AUTOMATIC RENEWAL. MEMBER ACKNOWLEDGES AND AGREES THAT MEMBER’S ACCOUNT IS ENROLLED IN AUTOMATIC RENEWAL, WHICH PERMITS CLUB TO AUTOMATICALLY RENEW MEMBER’S TICKETS ON AN ANNUAL BASIS. MEMBER HEREBY AUTHORIZES CLUB TO AUTOMATICALLY RENEW MEMBERSHIP FOR THE FOLLOWING SEASON. DURING CLUB’S ANNUAL RENEWAL PERIOD, MEMBER WILL RECEIVE AN EMAIL WITH THE PRICE OF MEMBER’S TICKETS AND PAYMENT SCHEDULE. MEMBER MAY CANCEL MEMBERSHIP BY PROVIDING WRITTEN NOTICE TO CLUB BEFORE AUGUST 28, 2026. ABSENT CLUB’S CONFIRMATION OF SUCH WRITTEN NOTICE, MEMBER’S CREDIT CARD WILL BE CHARGED FOR AUTOMATIC RENEWAL AND MEMBER SHALL BE RESPONSIBLE FOR ALL PAYMENTS DUE FOR THE FOLLOWING SEASON."
dbacks,sth_terms,1,"Ticket Policy. Member acknowledges that each ticket issued by Club is a separate, non-renewable, and revocable license which only permits the ticket holder the right to: (a) enter the publicly-accessible areas of Chase Field at times determined by Club; (b) attend the game identified on the ticket; and (c) sit in the seat location identified on the ticket. This Agreement and all tickets are revocable at Club’s sole and absolute discretion, with or without cause. Club reserves the right to take appropriate action against all persons who fraudulently obtain wheelchair and companion seats including, without limitation, ejection and legal action. All tickets are subject to the standard terms and conditions of such tickets as set forth by Club and/or Major League Baseball (“MLB”) including, but not limited to, the Advantage Membership Terms and Conditions available on https://www.mlb.com/dbacks/tickets/season-tickets/holders (collectively, “Terms”). By using the tickets, Member agrees to be bound the Terms. Resale or attempted resale of any ticket in a manner or at a price in violation of any federal, state, or local law or regulation is grounds for seizure of Member’s tickets and/or cancellation of this Agreement without refund or other compensation, and may result in a criminal sanction, fine, or other penalty. Any such sale or attempted sale shall constitute an event of default hereunder. Member shall not offer or otherwise utilize any tickets or other benefits issued to Member pursuant to this Agreement for advertising, promotional purposes (including sweepstakes or contests), or other trade purposes without Club’s prior written consent."
dbacks,sth_terms,2,"Ticket Policy. Member acknowledges that each ticket issued by Club is a separate, non-renewable, and revocable license which only permits the ticket holder the right to: (a) enter the publicly-accessible areas of Chase Field at times determined by Club; (b) attend the game identified on the ticket; and (c) sit in the seat location identified on the ticket. This Agreement and all tickets are revocable at Club’s sole and absolute discretion, with or without cause. Club reserves the right to take appropriate action against all persons who fraudulently obtain wheelchair and companion seats including, without limitation, ejection and legal action. All tickets are subject to the standard terms and conditions of such tickets as set forth by Club and/or Major League Baseball (“MLB”) including, but not limited to, the Advantage Membership Terms and Conditions available on https://www.mlb.com/dbacks/tickets/season-tickets/holders (collectively, “Terms”). By using the tickets, Member agrees to be bound the Terms. Resale or attempted resale of any ticket in a manner or at a price in violation of any federal, state, or local law or regulation is grounds for seizure of Member’s tickets and/or cancellation of this Agreement without refund or other compensation, and may result in a criminal sanction, fine, or other penalty. Any such sale or attempted sale shall constitute an event of default hereunder. Member shall not offer or otherwise utilize any tickets or other benefits issued to Member pursuant to this Agreement for advertising, promotional purposes (including sweepstakes or contests), or other trade purposes without Club’s prior written consent."
dbacks,sth_terms,3,"Force Majeure. If a game cannot be played because of fire, the elements, mob, riot, national or local emergency, strikes, lockouts, work stoppage, calamity, epidemic, war, terrorism, government orders, or for any other reason outside the control of Club, Club shall provide Member with a credit that can be applied to future Club games (subject to availability for the game requested)."
dbacks,sth_terms,4,"Force Majeure. If a game cannot be played because of fire, the elements, mob, riot, national or local emergency, strikes, lockouts, work stoppage, calamity, epidemic, war, terrorism, government orders, or for any other reason outside the control of Club, Club shall provide Member with a credit that can be applied to future Club games (subject to availability for the game requested)."
dbacks,sth_terms,5,"Ticket Credit. All credits issued to Member under this Agreement (including, without limitation, unused deposits) are: (a) nonrefundable; (b) shall expire at the conclusion of the 2027 regular season; and (c) shall be retained by Club upon expiration."
dbacks,sth_terms,6,"Ticket Credit. All credits issued to Member under this Agreement (including, without limitation, unused deposits) are: (a) nonrefundable; (b) shall expire at the conclusion of the 2027 regular season; and (c) shall be retained by Club upon expiration."
dodgers,general_terms,0,"By using this ticket, ticket holder (the “Holder”), on his/her own behalf and on behalf of any minor or legally incapacitated adult accompanying Holder to the Game (as defined below), agrees to the following terms and conditions (the “Agreement”). This ticket grants to the Holder a revocable personal license, which is not transferable and may be terminated at any time by Dodger Tickets LLC and/or Los Angeles Dodgers LLC (hereinafter, individually and collectively, the “Dodgers”) by refunding the purchase price of this ticket to the original purchaser. In addition, the Dodgers reserve the right, without refund of any portion of the purchase price, to revoke the license granted by this ticket and refuse admission or eject any person (a) who violates the terms of this ticket; (b) who appears to be or is intoxicated; (c) whose conduct is deemed by the Dodgers to be improper, disorderly, or unbecoming; or (d) who uses vulgar or abusive language."
dodgers,general_terms,1,"CANCELLATION POLICY: If a regulation Game is not played (""Cancelled Game"") and is rescheduled to be played either on a date for which no other game was previously scheduled or as part of a split double header (i.e., two games played on the same day, but each of which requires an individual ticket), this ticket may be exchanged at Dodger Stadium, at any time after the date of the Cancelled Game, for an individual ticket of equal or lesser face value for a future regular season game (subject to prior sales and ticket availability). In no instance shall this ticket be exchangeable for a ticket with a face value greater than the face value of the ticket. NO CASH REFUND OR CREDIT WILL"
dodgers,general_terms,2,"[FOR CALIFORNIA RESIDENTS] YOU FURTHER ACKNOWLEDGE AND AGREE THAT YOU ARE FAMILIAR WITH AND DO HEREBY WAIVE THE PROVISIONS OF SECTION 1542 OF THE CALIFORNIA CIVIL CODE (AND SIMILAR PROVISIONS OF OTHER JURISDICTIONS) WHICH PROVIDES AS FOLLOWS: “A GENERAL RELEASE DOES NOT EXTEND TO CLAIMS THAT THE CREDITOR OR RELEASING PARTY DOES NOT KNOW OR SUSPECT TO EXIST IN HIS OR HER FAVOR AT THE TIME OF EXECUTING THE RELEASE AND THAT, IF KNOWN BY HIM OR HER, WOULD HAVE MATERIALLY AFFECTED HIS OR HER SETTLEMENT WITH THE DEBTOR OR RELEASED PARTY.”"
giants,sth_terms,0,"This San Francisco Giants Season Ticket Purchase Agreement (the “Agreement”) is entered into by the Account Holder, on the one hand, and China Basin Ballpark Company LLC (“CBBC”) and San Francisco Giants Baseball Club LLC (“Giants”) (CBBC and Giants together “the Venue”), on the other hand, as of the date that full or partial payment is received for the Tickets by the Venue. This Agreement shall apply, as applicable, to the purchase of Tickets as defined below, including without limitation Season Tickets (Regular Season Full Package, Regular Season Half Package, or any other season ticket package) for Giants games at Oracle Park and/or the Spring Training Full Season Ticket Package for Spring Training games at Scottsdale Stadium (each a “Season Ticket Package”). IMPORTANT: Please review the Arbitration Agreement and Class Action Waiver set forth below (Section 21) carefully, as it will require you to resolve disputes with Venue and Affiliates on an individual basis through final and binding arbitration."
giants,sth_terms,1,"All Ticket sales are final and no refunds or exchanges will be made by the Venue, except as expressly provided in this Agreement or required by applicable law. The Venue reserves the right to control the time, place and manner of distribution of Tickets. Account Holder understands and agrees that the Venue and/or its Affiliates may cancel, postpone, or limit seating capacity for certain or all Events to which Tickets purchased under this Agreement grant access. Account Holder expressly acknowledges that such actions may prevent Account Holder from using Tickets purchased under this Agreement and/or from accessing Account Holder’s designated seat location(s). If an Event is cancelled and not rescheduled, or if Account Holder is prohibited from accessing the seat location(s) on the Ticket(s) (each an “Impacted Game”), Account Holder may: (i) obtain a credit equal to the purchase price allocated to the Impacted Game Ticket(s), or if Account Holder prefers a refund instead of a credit, may request one within thirty (30) days of the cancellation; or, to the extent available (ii) elect to be seated in a different seating location offered by the Venue in its discretion. The foregoing shall be Account Holder’s sole and exclusive remedy for any Impacted Games. In the event of a limited capacity game, the Venue shall retain full discretion and control over determinations related to Ballpark access, seating, and operations, including without limitation, seating dispersal, order of seating priority, seating relocations, entry and exit times and procedures, restrictions on concessions, restrictions on movement within and about the Ballpark, and mandatory face coverings and other safety precautions."
giants,sth_terms,2,"A. Automatic Renewal Plans for Season Ticket Packages: This Section 3.A applies to auto-renewal plans for Season Ticket Packages. To the extent that there is a conflict between the terms of this paragraph and other terms of this Agreement, the terms in this paragraph shall take precedence. By purchasing auto-renewal plans for Season Ticket Packages, You acknowledge that you have read, understand, and agree to these terms. If You do not agree to the entirety of these terms, You may not purchase auto-renewal plans. The Venue reserves the right to update, change, modify, amend, and/or replace any portion or aspect of these terms at any time, with or without notice, by posting updates and/or changes to our website. It is Your responsibility to check our website periodically for changes and updates. By using Season Tickets associated with the auto-renewal plans following the posting of any changes or updates to these terms, You acknowledge and accept all such changes and updates. Notwithstanding the foregoing, the Venue will provide You notice of any material changes to the provisions of these terms that relate to automatic renewal or cancellation, as well as any changes in the pricing of Your Season Tickets associated with the auto-renewal plans before those changes are implemented. Your payment for the auto-renewal plans for Season Tickets will depend on the type of Season Tickets and the payment schedule You selected during the purchase of Your plan as set forth below."
giants,sth_terms,3,"For 2027 Season Tickets and going forward, Pay in Full Season Ticket packages will be charged each year on or about August 28 . 4 Installment Payment Plan Season Ticket packages will be charged each year in 4 installments (40% on or about August 28 and 20% on or about each of November 3, January 5 and February 2). After Your initial payment, You may cancel Your auto-renewal plan at any time, and You will not be billed for any future auto-renewal plan fees. The initial term of Your auto-renewal plan will run from the date of initial payment through August 27 each auto-renewal term will run from August 28 through August 27 of the following year.."
giants,sth_terms,4,"By purchasing auto-renewal plans for Season Ticket packages, You understand, acknowledge, and agree that Your plan will automatically renew for each successive year until You cancel pursuant to the cancellation procedures set forth in the following section of these terms. You may cancel Your plan at any time, but all prepaid fees are nonrefundable."
giants,sth_terms,5,"Once you purchase an auto-renew plan for Season Tickets, the Venue will automatically process Your fees in accordance with the payment schedule You selected during the purchase of Your auto-renew plan for Season Tickets. The Venue will continue to automatically process Your fees each year thereafter in accordance with the payment schedule You selected during the purchase of Your auto-renew plan for Season Tickets (Pay in Full Season Ticket packages will be charged each year on or about August 28 and 4 Installment Payment Plan Season Ticket packages will be charged each year in 4 installments: 40% on or about August 28 and 20% on or about each of November 3, January 5 and February 2), at the then-current fee amount, until You cancel Your auto-renewal plan. By purchasing an auto-renew plan for Season Tickets, You acknowledge and agree that fees will be charged to Your credit/debit card on a recurring basis, without further authorization from You, and You accept full responsibility for all such recurring charges prior to cancellation. The Venue will provide You advance notice of any material change to Your plan, including for example the amount of Your fee, before the change takes effect."
giants,sth_terms,6,"Cancellation of Automatic Renewal Season Tickets. To cancel Your auto-renew Season Tickets , You must take the following action: send an e-mail to us at tixoffice@sfgiants.com or call the Venue at 415.972.2255."
giants,sth_terms,7,"A cancellation will become effective at the end of Your then-current auto-renewal term. All auto-renewal plans for Season Ticket fees charged to Your credit/debit card prior to cancellation are nonrefundable and in no event will the Venue provide a partial or pro-rated refund. For example, if Your recurring auto-renewal plan fee is scheduled to be charged to Your credit/debit card on August 28 , You must cancel prior to August 28 to avoid that charge; if You cancel your auto-renewal plan on or after August 28 , no amount of the fee charged to Your credit/debit card on or about August 28 will be refundable, and Your plan will continue until the end of the then-current plan term."
giants,sth_terms,8,"Pay in Full Season Ticket packages will be charged each year on or about December 1 . 2 Installment Payment Plan Season Ticket packages will be charged each year in 2 installments (50% on or about December 1 and 50% on or about February 1). After Your initial payment, You may cancel Your auto-renewal plan at any time, and You will not be billed for any future auto-renewal plan fees. The initial term of Your auto-renewal plan will run from the date of initial payment through December 1 each auto-renewal term will run from December 1 through November 30 of the following year."
giants,sth_terms,9,"By purchasing auto-renewal plans for Season Ticket packages, You understand, acknowledge, and agree that Your plan will automatically renew for each successive year until You cancel pursuant to the cancellation procedures set forth in the following section of these terms. You may cancel Your plan at any time, but all prepaid fees are nonrefundable."
giants,sth_terms,10,"Once you purchase an auto-renew plan for Season Tickets, the Giants will automatically process Your fees in accordance with the payment schedule You selected during the purchase of Your auto-renew plan for Season Tickets. The Giants will continue to automatically process Your fees each year thereafter in accordance with the payment schedule You selected during the purchase of Your auto-renew plan for Season Tickets (Pay in Full Season Ticket packages will be charged each year on or about December 1 and 2 Installment Payment Plan Season Ticket packages will be charged each year in 2 installments: 50% on or about December 1 and 50% on or about February 1, at the then-current fee amount, until You cancel your auto-renewal plan. By purchasing an auto-renew plan for Season Tickets, You acknowledge and agree that fees will be charged to Your credit/debit card on a recurring basis, without further authorization from You, and You accept full responsibility for all such recurring charges prior to cancellation. The Giants will provide You advance notice of any material change to Your plan, including for example the amount of your fee, before the change takes effect."
giants,sth_terms,11,"Cancellation of Automatic Renewal Season Tickets. To cancel Your auto-renew Season Tickets , You must take the following action: send an e-mail to us at tixoffice@sfgiants.com or call the Giants at 415.972.2255."
giants,sth_terms,12,"A cancellation will become effective at the end of Your then-current auto-renewal term. All auto-renewal plans for Season Ticket fees charged to Your credit/debit card prior to cancellation are nonrefundable and in no event will the Giants provide a partial or pro-rated refund. For example, if Your recurring auto-renewal plan fee is scheduled to be charged to Your credit/debit card on December 1, You must cancel prior to December 1 to avoid that charge; if You cancel Your auto-renewal plan on or after December 1, no amount of the fee charged to Your credit/debit card on or about December 1 will be refundable, and Your plan will continue until the end of the then-current plan term."
giants,sth_terms,13,"The Venue reserves the right to terminate an Account and revoke the license granted to an Account Holder through this Agreement or granted through a Ticket without any refund or compensation if, in the Venue’s sole discretion, an Account Holder or Ticket Holder materially breaches this Agreement or violates any of the applicable terms and conditions set forth herein, or otherwise acts in any manner that may compromise the public’s safety or the public’s enjoyment of San Francisco Giants baseball games. In addition, and without limitation to the foregoing, if Account Holder (a) violates any provision of this Agreement, (b) fails to comply with any applicable payment deadline or other condition or restriction, (c) misrepresents or fails to properly disclose to the Venue whether an Account is a Broker Account, and/or (d) engages in, or permits the use of their Tickets by any person who engages in, conduct prohibited by Venue or Ballpark policies, such Account shall be deemed a ""Disqualified Account."" The Venue reserves the right, in its sole discretion, to not offer, sell or issue tickets to the Disqualified Account for any Tie-Breaker Game(s), National League Wild Card Game(s), National League Division Series (""NLDS""), National League Championship Series (""NLCS"") or World Series (collectively, ""Post-Season Games""), exhibition games or other events held at the Ballpark (collectively the ""Non-Regular Season Events"")."
giants,sth_terms,14,"The Venue reserves the right to terminate an Account and revoke the license granted to an Account Holder through this Agreement or granted through a Ticket without any refund or compensation if, in the Venue’s sole discretion, an Account Holder or Ticket Holder materially breaches this Agreement or violates any of the applicable terms and conditions set forth herein, or otherwise acts in any manner that may compromise the public’s safety or the public’s enjoyment of San Francisco Giants baseball games. In addition, and without limitation to the foregoing, if Account Holder (a) violates any provision of this Agreement, (b) fails to comply with any applicable payment deadline or other condition or restriction, (c) misrepresents or fails to properly disclose to the Venue whether an Account is a Broker Account, and/or (d) engages in, or permits the use of their Tickets by any person who engages in, conduct prohibited by Venue or Ballpark policies, such Account shall be deemed a ""Disqualified Account."" The Venue reserves the right, in its sole discretion, to not offer, sell or issue tickets to the Disqualified Account for any Tie-Breaker Game(s), National League Wild Card Game(s), National League Division Series (""NLDS""), National League Championship Series (""NLCS"") or World Series (collectively, ""Post-Season Games""), exhibition games or other events held at the Ballpark (collectively the ""Non-Regular Season Events"")."
giants,sth_terms,15,"This Agreement and the Account may be terminated, and the personal license represented thereby revoked, immediately by the Venue if the Account Holder (whether an individual or legal entity) becomes insolvent, makes a general assignment for the benefit of creditors, suffers or permits the appointment of a receiver for its business or assets, or becomes subject to any proceeding under any bankruptcy or insolvency law, whether domestic or foreign, or has otherwise ceased to conduct business."
giants,sth_terms,16,"This Agreement and the Account may be terminated, and the personal license represented thereby revoked, immediately by the Venue if the Account Holder (whether an individual or legal entity) becomes insolvent, makes a general assignment for the benefit of creditors, suffers or permits the appointment of a receiver for its business or assets, or becomes subject to any proceeding under any bankruptcy or insolvency law, whether domestic or foreign, or has otherwise ceased to conduct business."
giants,sth_terms,17,"If the Venue is authorized by MLB to issue Postseason Game tickets, eligible Account Holders may be entitled to purchase one ticket for every possible Postseason Game for each seat held in the Account. Not all Accounts, including without limitation Broker Accounts, may be eligible for Postseason Game priority seating or tickets. All terms and conditions that apply to Tickets, including those contained in this Agreement, shall apply to Postseason Game Tickets purchased by eligible Account Holders. Postseason Game Tickets may be subject to additional terms and conditions. The Venue reserves the right to offer eligible Account Holders relocated seats for Postseason Games. To the extent that any Postseason games purchased by an Account Holder are not played, Account Holders may be offered the opportunity to request the amount paid for un-played Postseason Games be applied to future Ticket charges. In the event that an Account Holder opts to have such amounts applied to future Ticket charges, however, such decision does not automatically confer any right on the Account Holder to purchase Tickets in the future. The Venue reserves the right to refund any amounts paid for un-played Postseason Games to Account Holder, without interest or damages of any kind, in the event that the Venue determines, in its sole discretion, not to grant Account Holder a license to purchase Tickets in the future."
giants,sth_terms,18,"If the Venue is authorized by MLB to issue Postseason Game tickets, eligible Account Holders may be entitled to purchase one ticket for every possible Postseason Game for each seat held in the Account. Not all Accounts, including without limitation Broker Accounts, may be eligible for Postseason Game priority seating or tickets. All terms and conditions that apply to Tickets, including those contained in this Agreement, shall apply to Postseason Game Tickets purchased by eligible Account Holders. Postseason Game Tickets may be subject to additional terms and conditions. The Venue reserves the right to offer eligible Account Holders relocated seats for Postseason Games. To the extent that any Postseason games purchased by an Account Holder are not played, Account Holders may be offered the opportunity to request the amount paid for un-played Postseason Games be applied to future Ticket charges. In the event that an Account Holder opts to have such amounts applied to future Ticket charges, however, such decision does not automatically confer any right on the Account Holder to purchase Tickets in the future. The Venue reserves the right to refund any amounts paid for un-played Postseason Games to Account Holder, without interest or damages of any kind, in the event that the Venue determines, in its sole discretion, not to grant Account Holder a license to purchase Tickets in the future."
giants,sth_terms,19,"The Venue or its Affiliates may provide an electronic ticket exchange and/or transfer system (the ""System"") to eligible Account Holders. Any and all use of the System is subject to the terms and conditions of this Agreement and with those associated with accessing the System. The Venue reserves the right to suspend, modify, replace and/or cancel the System at any time in its sole discretion. The Venue reserves the right to cancel access to the System in the event any Account Holder violates this Agreement and/or the terms and conditions associated with accessing the System. Any errors or mismanagement of the System by Account Holder shall not be the responsibility of the Venue or its affiliates."
giants,sth_terms,20,"The Venue or its Affiliates may provide an electronic ticket exchange and/or transfer system (the ""System"") to eligible Account Holders. Any and all use of the System is subject to the terms and conditions of this Agreement and with those associated with accessing the System. The Venue reserves the right to suspend, modify, replace and/or cancel the System at any time in its sole discretion. The Venue reserves the right to cancel access to the System in the event any Account Holder violates this Agreement and/or the terms and conditions associated with accessing the System. Any errors or mismanagement of the System by Account Holder shall not be the responsibility of the Venue or its affiliates."
giants,sth_terms,21,"All pre-game or post-game events at the Ballpark, including but not limited to, pyrotechnic displays, post-game concerts or other promotions are subject to cancellation. No part of the Ticket purchase price will be refunded in the event of such cancellation."
giants,sth_terms,22,"All pre-game or post-game events at the Ballpark, including but not limited to, pyrotechnic displays, post-game concerts or other promotions are subject to cancellation. No part of the Ticket purchase price will be refunded in the event of such cancellation."
giants,sth_terms,23,"[FOR CALIFORNIA RESIDENTS] ACCOUNT HOLDER FURTHER ACKNOWLEDGES AND AGREES THAT ACCOUNT HOLDER IS FAMILIAR WITH AND DOES HEREBY WAIVE THE PROVISIONS OF SECTION 1542 OF THE CALIFORNIA CIVIL CODE (AND SIMILAR PROVISIONS OF OTHER JURISDICTIONS) WHICH PROVIDES AS FOLLOWS: “A GENERAL RELEASE DOES NOT EXTEND TO CLAIMS THAT THE CREDITOR OR RELEASING PARTY DOES NOT KNOW OR SUSPECT TO EXIST IN HIS OR HER FAVOR AT THE TIME OF EXECUTING THE RELEASE AND THAT, IF KNOWN BY HIM OR HER, WOULD HAVE MATERIALLY AFFECTED HIS OR HER SETTLEMENT WITH THE DEBTOR OR RELEASED PARTY.”"
giants,sth_terms,24,"[FOR CALIFORNIA RESIDENTS] ACCOUNT HOLDER FURTHER ACKNOWLEDGES AND AGREES THAT ACCOUNT HOLDER IS FAMILIAR WITH AND DOES HEREBY WAIVE THE PROVISIONS OF SECTION 1542 OF THE CALIFORNIA CIVIL CODE (AND SIMILAR PROVISIONS OF OTHER JURISDICTIONS) WHICH PROVIDES AS FOLLOWS: “A GENERAL RELEASE DOES NOT EXTEND TO CLAIMS THAT THE CREDITOR OR RELEASING PARTY DOES NOT KNOW OR SUSPECT TO EXIST IN HIS OR HER FAVOR AT THE TIME OF EXECUTING THE RELEASE AND THAT, IF KNOWN BY HIM OR HER, WOULD HAVE MATERIALLY AFFECTED HIS OR HER SETTLEMENT WITH THE DEBTOR OR RELEASED PARTY.”"
guardians,sth_terms,0,"All Ticket sales are final and no refunds or exchanges will be made, except as expressly provided in this Agreement."
guardians,sth_terms,1,"All Ticket sales are final and no refunds or exchanges will be made, except as expressly provided in this Agreement."
guardians,sth_terms,2,"The purchase of Tickets pursuant to this Agreement may require a Member to place a non-refundable/non-transferable deposit (“ Deposit ”) as set forth in the Invoice. By placing a Deposit with a credit card or debit card, or paying for Tickets with a credit card or debit card, a Member authorizes the Club to charge the credit card or debit card account identified or provided by the Member, or any substitute credit card or debit card account that Member may later provide for the Deposit and/or Tickets."
guardians,sth_terms,3,"The purchase of Tickets pursuant to this Agreement may require a Member to place a non-refundable/non-transferable deposit (“ Deposit ”) as set forth in the Invoice. By placing a Deposit with a credit card or debit card, or paying for Tickets with a credit card or debit card, a Member authorizes the Club to charge the credit card or debit card account identified or provided by the Member, or any substitute credit card or debit card account that Member may later provide for the Deposit and/or Tickets."
guardians,sth_terms,4,"The Club reserves the right to revoke or terminate the Revocable License for Tickets granted to any Member through this Agreement without any refund or compensation if, in the Club's sole discretion, a Member, Registered Share Partner (as defined below) or Ticket Holder violates the terms of this Agreement, acts in any manner that in the opinion of the Club could negatively affect the health, safety or experience of any other person at the Ballpark, or violates other policies and regulations of the Club."
guardians,sth_terms,5,"The Club reserves the right to revoke or terminate the Revocable License for Tickets granted to any Member through this Agreement without any refund or compensation if, in the Club's sole discretion, a Member, Registered Share Partner (as defined below) or Ticket Holder violates the terms of this Agreement, acts in any manner that in the opinion of the Club could negatively affect the health, safety or experience of any other person at the Ballpark, or violates other policies and regulations of the Club."
guardians,sth_terms,6,"The Club may provide an electronic Ticket exchange and/or transfer system (the “ System ”) to Members. Any and all use of the System is subject to the terms and conditions of this Agreement and with those associated with accessing the System. The Club reserves the right to suspend, modify, replace and/or cancel the System at any time in its sole discretion. The Club reserves the right to cancel access to the System in the event any Member, Registered Share Partner or other Ticket Holder violates this Agreement and/or the terms and conditions associated with accessing the System."
guardians,sth_terms,7,"The Club may provide an electronic Ticket exchange and/or transfer system (the “ System ”) to Members. Any and all use of the System is subject to the terms and conditions of this Agreement and with those associated with accessing the System. The Club reserves the right to suspend, modify, replace and/or cancel the System at any time in its sole discretion. The Club reserves the right to cancel access to the System in the event any Member, Registered Share Partner or other Ticket Holder violates this Agreement and/or the terms and conditions associated with accessing the System."
guardians,sth_terms,8,"All pre-game or post-game events at the Ballpark, including but not limited to, pyrotechnic displays, post-game concerts or other promotions are subject to modification or cancellation. No part of the Ticket purchase price will be refunded in the event of such cancellation."
guardians,sth_terms,9,"All pre-game or post-game events at the Ballpark, including but not limited to, pyrotechnic displays, post-game concerts or other promotions are subject to modification or cancellation. No part of the Ticket purchase price will be refunded in the event of such cancellation."
guardians,sth_terms,10,"The Club may terminate Member’s Membership and this Agreement at any time upon providing written notification to Member. If such termination, as determined by the Club in its sole discretion, is the result of a material breach of the terms and conditions of this Agreement, the Member shall not be entitled to any refund, return of fees, future credit, or damages of any kind. Otherwise, the Club shall refund the pro rata portion of the Ticket fees for the remaining Tickets in the Account following the termination to the Member within a reasonable time."
guardians,sth_terms,11,"The Club may terminate Member’s Membership and this Agreement at any time upon providing written notification to Member. If such termination, as determined by the Club in its sole discretion, is the result of a material breach of the terms and conditions of this Agreement, the Member shall not be entitled to any refund, return of fees, future credit, or damages of any kind. Otherwise, the Club shall refund the pro rata portion of the Ticket fees for the remaining Tickets in the Account following the termination to the Member within a reasonable time."
guardians,sth_terms,12,"By purchasing Season Tickets, you, as a Season Ticket Member, are automatically enrolled in the Cleveland Guardians Continuous Enrollment Membership Plan (“ Continuous Enrollment Plan ”). Accordingly, you understand and agree that the Club and its agents, successors and assigns are authorized to charge your credit/debit card for Tickets for the Cleveland Guardians baseball season indicated on the digital invoice and each future baseball season at the Ballpark, and further agree to the terms and conditions set forth herein. Tickets subject to the Continuous Enrollment Plan will automatically renew for the subsequent baseball season at the beginning of the renewal period as established by the Club. At the start of such renewal period, each Account will receive an Invoice as well as information outlining the upcoming baseball season’s renewal terms. Each Account will be provided a thirty (30) day opt-out period (“ Opt-out Period ”). At the end of the Opt-out Period, if no action is taken, your Account will automatically renew the invoiced seating location(s) at the invoiced amounts for the following Cleveland Guardians baseball season. For questions regarding opting-out of the Continuous Enrollment Plan, please contact your Account representative directly, Fan Services at 216-420-HITS, or visit: https://www.mlb.com/guardians/tickets/ticket-policies/continuousenrollment ."
guardians,sth_terms,13,"All Ticket sales are final and no refunds or exchanges will be made. The Club reserves the right to cancel Tickets for any reason, in the sole discretion of the Club. The Club will automatically charge the credit/debit card of those enrolled in the Continuous Enrollment Plan in accordance with the payment schedule(s) set by the Club for each baseball season. By agreeing to purchase Tickets utilizing the Continuous Enrollment Plan, you hereby warrant that you have the authority to authorize charges to the Account listed in the Invoice for the purpose of paying for Tickets for this baseball season and each future baseball season at the Ballpark until you opt-out of the Continuous Enrollment Plan. In the event your credit/debit card account number changes, your authorizations set forth herein will remain in effect for the new account number(s). If your credit/debit card is declined for any reason, you agree to be responsible for paying any and all remaining balances immediately and updating your Account accordingly. Failure to adhere to the payment schedule specified by the Club may result in denied entry to any baseball game or event at the Ballpark, and the Club reserves the right to restrict entry to the Ballpark and/or revoke Account privileges or Benefits if the Account is not paid in full or paid in accordance with the payment schedule specified by the Club, and/or if any authorized charge is refused by the applicable credit card company or bank for any reason. Only Visa, MasterCard, American Express and Discover shall be accepted."
guardians,sth_terms,14,"By agreeing to purchase Tickets utilizing the Continuous Enrollment Plan, you understand that the authorizations set forth herein remain in force and effect until the Club has received written notification of your termination of the Continuous Enrollment Plan in such a manner and during the designated time to opt out, which affords the Club and your credit card company or bank a reasonable opportunity to act. The Club shall not be liable for any erroneous bill statements or incorrect charges, and in the event an error occurs in billing, the Club’s only responsibility is to correct the erroneous statement and/or charges when, and if, the Club receives notice of the error. The Club reserves the right to terminate or amend the selected payment option in its sole discretion."
guardians,sth_terms,15,"Each Ticket Holder expressly acknowledges and agrees that the Club sells Tickets to an Event at the Ballpark for the purpose of permitting a Ticket Holder or any subsequent Ticket Holder receiving a Permitted Transfer of such Ticket to attend the Event represented by the Ticket. As such, the Member and each Ticket Holder acknowledge to the Club that Non-Permitted Transfers of Tickets (the “ Ticket Transfer Restrictions ”) may terminate the Revocable License granted by the Club for the usage of a Ticket or other Tickets controlled within an Account or constitute a basis for the seizure or cancellation of the Ticket or Tickets without refund or other compensation."
guardians,sth_terms,16,"Any Broker Activity involving a Ticket, as determined in the sole discretion of the Club, is a Non-Permitted Transfer unless specifically approved by the Club, and shall constitute a basis for (i) termination of the Revocable License granted by the Club for the use of the Ticket, (ii) the seizure or cancellation of the Ticket without refund or other compensation, and/or (iii) termination of the Revocable License granted by the Club of all Tickets that are controlled by or affiliated with such Member, Ticket Holder or individuals/entities determined by the Club to be associated with such Member or Ticket Holder."
guardians,sth_autorenew,0,"By purchasing Cleveland Guardians regular season tickets (“Season Tickets”) and agreeing to enroll in the Season Ticket Membership Auto-Renewal Recurring Payment Plan (“Auto-Renewal Plan”), you, as a Season Ticket Member, understand and agree to give the Cleveland Guardians Baseball Company, LLC, its agents, successors and assigns (collectively, the “Club”) the authorization to charge your credit/debit card for Season Tickets for this baseball season and each future baseball seasons at Progressive Field, and further agree to the terms and conditions set forth herein. Season Tickets subject to the Auto-Renewal Plan will automatically renew before the start of each baseball season. The Club will send a renewal Invoice prior to each baseball season, and you will have thirty (30) days after receipt of such Invoice to opt-out of and decline to purchase Season Tickets for upcoming seasons. To request an opt-out form at any time, please contact your account representative directly, Fan Services at 216-420-HITS, or visit www.cleguardians.com/autorenewaloptout . Opt-out forms must be submitted within thirty (30) days after receipt of the pricing notification contained in the Invoice. All Season Ticket sales are final and no refunds or exchanges will be made. The Club reserves the right to cancel Season Tickets for any reason, in the sole discretion of Club. The Club will automatically charge the credit/debit card of those enrolled in the Auto-Renewal Plan in accordance with the payment schedule(s) set by Club for each baseball season. By agreeing to purchase Season Tickets utilizing the Auto-Renewal Plan, you hereby warrant that you have the authority to authorize charges to the account listed in the invoice (the “Season Ticket Account”) for the purpose of paying for Season Tickets for this baseball season and each future baseball season at Progressive Field until you opt-out of the Auto-Renewal Plan as set forth herein. The Club will only accept one (1) valid credit/debit card per Season Ticket Account. If your credit/debit card is declined for any reason, you agree to be responsible for paying any and all remaining balances immediately and updating your Season Ticket Account accordingly. Failure to adhere to the payment schedule specified by Club may result in denied entry to any baseball game or event at Progressive Field, and Club reserves the right to restrict entry to Progressive Field and/or revoke Season Ticket Member privileges if the Account is not paid in full or paid in accordance with the payment schedule specified by Club, and/or if any authorized charge is refused by the applicable credit card company or bank for any reason. Only Visa, MasterCard, American Express and Discover shall be accepted. By agreeing to purchase Season Tickets utilizing the Auto-Renewal Plan, you understand that the authorizations set forth herein remain in force and effect until the Club has received written notification of your termination of the Auto-Renewal Plan in such a manner and in time to afford the Club and your credit card company or bank a reasonable opportunity to act. In the event your credit/debit card account number changes, your authorizations set forth herein will remain in effect for the new account number(s). The Club shall not be liable for any erroneous bill statements or incorrect charges, and in the event an error occurs in billing, the Club’s only responsibility is to correct it when, and if, the Club receives notice of the error. There will be no refunds of any kind for such charges. The Club reserves the right to terminate or amend the selected payment option in its sole discretion."
mariners,sth_terms,0,"To be eligible for Membership, your account with the Seattle Mariners must be in good standing. To be eligible for an individual Membership, you must be at least eighteen (18) years of age. You must either be paid in full or enrolled in an authorized Renewal Payment Plan by the stated payment deadline to activate your Membership. Memberships are non-refundable. Children using Member benefits (e.g., attending events) must at all times be accompanied by their parent or legal guardian who is a Member or otherwise in possession of appropriate credentials (e.g., a valid game ticket)."
mariners,sth_terms,1,"The Seattle Mariners reserve the right to suspend or cancel a Membership or withhold renewal for any reason, including non-compliance with policies set forth by the Seattle Mariners or offensive, objectionable, or inappropriate behavior of the Members of record or their guests."
mariners,sth_terms,2,"Members are not entitled to entry to Seattle Mariners games except where a ticket to the applicable games have also been purchased. In addition, games, events, and other activities are subject to cancellation, postponement, or rescheduling due to act of God, or the public enemy, fire, weather, flood, storm, earthquake, riot, war or war operations, actions, orders, or mandates by governmental entities, rescheduling by Major League Baseball, or other causes beyond the control of the Seattle Mariners. The Seattle Mariners are not responsible for refunding all or any portion of your Membership fees or providing any other compensation as a result of such cancellation, postponement, or rescheduling."
marlins,general_terms,0,"This ticket is a revocable license, revocable in the sole discretion of the MLB Entities, and only grants entry into the specified Facility and a spectator seat/standing room (as applicable) for the specified Event. The MLB Entities reserve the right to terminate the license granted by this ticket and/or those of Minor(s) by tendering to Holder the purchase price printed on this ticket and/or those of Minor(s). Further, the MLB Entities reserve the right, without refund of any portion of the purchase price, to revoke the license granted by this ticket and/or those of Minor(s) and refuse admission or eject any person: (a) who violates the terms of the Agreement or any of the rules, restrictions, or policies of the MLB Entities; (b) who appears to be or is intoxicated; © whose conduct is deemed by any of the MLB Entities to be improper, disorderly, or unbecoming; or (d) who uses vulgar or abusive language."
marlins,general_terms,1,"Retain possession of this ticket until the Event has occurred. This ticket cannot be replaced if lost, stolen, or destroyed. This ticket is good only for this particular Event and no part of the purchase price will be refunded by reason of the failure of Holder to use it for this Event. Should the Event not progress to or beyond a point of play constituting a regulation game under Official Baseball Rule 4.10 (a “Regulation Game”), the MLB Entities will determine in their sole discretion whether any refunds will be issued and post such decision at marlins.com. Should the Event progress to or beyond a point of play constituting a Regulation Game, no refunds will be issued."
marlins,general_terms,2,"HOLDER FURTHER ACKNOWLEDGES AND AGREES THAT HOLDER IS FAMILIAR WITH AND DOES HEREBY WAIVE THE PROVISIONS OF SECTION 1542 OF THE CALIFORNIA CIVIL CODE (AND SIMILAR PROVISIONS OF OTHER JURISDICTIONS) WHICH PROVIDES AS FOLLOWS: “A GENERAL RELEASE DOES NOT EXTEND TO CLAIMS THAT THE CREDITOR OR RELEASING PARTY DOES NOT KNOW OR SUSPECT TO EXIST IN HIS OR HER FAVOR AT THE TIME OF EXECUTING THE RELEASE AND THAT, IF KNOWN BY HIM OR HER, WOULD HAVE MATERIALLY AFFECTED HIS OR HER SETTLEMENT WITH THE DEBTOR OR RELEASED PARTY.”"
mets,sth_terms,0,"Experiences: Members may redeem Tokens to RSVP for select events and experiences (each an “ Experience ” and collectively, “ Experiences ”). A description of each Experience will be posted in the Member store section of the Program. The number of Tokens required to RSVP for Experiences will vary based on each Experience and will be automatically deducted from the Account at the time of redemption. Experience redemptions may not be returned or exchanged for cash, Tokens, points, or other benefits or rewards, and Tokens will not be re-applied to an Account if the Member fails to attend the Experience. Experiences may be virtual and in-person, hosted by the Mets at Citi Field and other venues. Each of these Experiences may be subject to its own terms and conditions and Members may be required to sign waivers and releases in favor of the Mets and the Released Parties as a condition precedent to participating in any Experience. All Experiences are non-transferrable and will be available for redemption while supply lasts. An Experience may be cancelled at the Mets sole discretion. If an Experience is cancelled, any Tokens spent by Member to RSVP for the Experience will be refunded to such Member’s Account."
nationals,sth_terms,0,"This SEASON TICKET Agreement (the “AGREEMENT”) and your membership/plan will automatically renew on an annual basis on September 1 each year, unless cancelled in accordance with the terms and conditions set forth in the cancellation section below. If you cancel, such cancellation will be effective at the end of the Season during which you cancel. This means that you will be required to pay in full for your membership/plan For the SEASON in which you cancel in accordance with the Payment Details section below, but the Nationals will not automatically renew your membership/plan for the following year."
nationals,sth_terms,1,"This Agreement contains a payment authorization to charge your credit or debit card. If you do not cancel your membership/plan by following the instructions below, then on or about September 1 of each year, we will begin charging the credit or debit card you initially provided for the installment payment(s) specified in the applicable invoice."
nationals,sth_terms,2,"A separate agreement between you and Washington Nationals Baseball Club, LLC (the “Nationals” or “Washington Nationals”) must be signed in order to finalize the purchase. A Nationals account representative will distribute an agreement to you electronically to the email address that you have provided to us and the agreement must be signed in order for you to complete your purchase. If you do not execute the agreement within the time period specified by the Nationals, the Nationals may cancel your purchase and/or require you to pay a higher price for your membership or plan."
nationals,sth_terms,3,"You shall pay the Nationals the annual commitment and any shipping and handling fees provided by the Nationals and as specified in your email receipt you receive following purchase for the current Season and for each Season thereafter unless you or the Nationals cancel your annual membership/plan as provided in this Agreement (“Annual Commitment“). You shall pay your Annual Commitment for the applicable Season in full by no later than June 15 of the applicable year. For the current Season, you shall make as few as one (1) and as many as ten (10) equal payments, depending on the date that you pay the deposit for your annual membership/plan (“Initial Deposit Date”). The precise number of payments you will make for the current Season is set forth in the chart immediately below this paragraph. Each payment is at 0% Annual Percentage Rate (“APR”) and will be automatically deducted from the credit or debit card that is listed on your account."
nationals,sth_terms,4,"For each subsequent Season, regardless of how many payments you make this Season, you hereby authorize the Nationals to automatically charge ten (10) equal payments at 0% APR to the credit or debit card listed on your account. Each subsequent Season, you will be automatically charged on or about: 9/1, 10/15, 11/15, 12/15, 1/15, 2/15, 3/15, 4/15, 5/15, and 6/15. Payments made beginning in September of a given year will apply to your annual membership/plan for the Season beginning in the subsequent year. For example, a payment made on September 1, 2025 will be applied to your annual membership/plan for the 2026 Season. If any payment date does not fall on a business day, then you will be charged on the following business day."
nationals,sth_terms,5,"It is your responsibility to keep your debit or credit card information up to date with the Nationals. If you change your debit or credit card information, you must notify your individual ticket representative or email stcomments@nationals.com."
nationals,sth_terms,6,"Your membership/plan will automatically renew on an annual basis on September 1 each year, unless you cancel in accordance with the Cancellation section below. You understand that your Annual Commitment for any subsequent Season may increase, and the Nationals will provide you with a Dues Notification and/or invoice that will set forth your Annual Commitment for the applicable Season. This Agreement is not a guaranty that you will be offered the opportunity to buy any particular tickets for any particular Season."
nationals,sth_terms,7,How to Cancel Your Annual Membership/Plan
nationals,sth_terms,8,"Your membership/plan is an annual commitment. That means that you will be obligated to make all payments under this Agreement for the applicable Season even if you follow the steps below to cancel your annual membership/plan during that Season. By way of example only, you sign up for your annual membership/plan on September 1 and agree to pay a total Annual Commitment of $1,000.00, broken up into ten (10) equal monthly payments of $100.00 (Congratulations – the Nationals are honored to have you onboard!). If you cancel your annual membership/plan on March 16 by following the steps below (the Nationals are very sad to see you go!), you will still be obligated to pay (and will be charged) $100.00 in April, May, and June, and you will be able to enjoy the benefits of your annual membership/plan through the end of the Season. However, your annual membership/plan will not automatically renew, and the Nationals will be free to resell the tickets you purchased under this Agreement at the end of the Season."
nationals,sth_terms,9,You may cancel your annual membership/plan at any time by any of the following methods:
nationals,sth_terms,10,By email to stcomments@nationals.com . You must send the cancellation email from the email address associated with your account. Your cancellation email must include your full name and account number.
nationals,sth_terms,11,"By calling your individual ticket representative or (202) 675-6287 (NATS). You will be asked for your account number during the phone call. So that we can better serve our customers, you may be asked to provide your reason for cancellation."
nationals,sth_terms,12,"If you have any questions regarding the cancellation process, please contact your individual account representative or email stcomments@nationals.com ."
nationals,sth_terms,13,How the Nationals May Cancel Your Subscription
nationals,sth_terms,14,The Nationals may cancel this Agreement at any time in its sole discretion.
nationals,sth_terms,15,"Each Season you will be sent a Dues Notification to the email address provided.. If you changed your email address in accordance with this Agreement, then your Dues Notification will be sent to your updated email address. If you do not receive your Dues Notification on or about August 1 of the applicable year, it is your responsibility to contact your individual account representative immediately. Your Dues Notification will contain information about the renewal price of your Annual Commitment for the applicable Season, which may be at a higher rate than the current or previous Season, and instructions on how to cancel your annual membership/plan. It is your responsibility to keep your email address up to date with the Nationals. If you change your email address, you must notify your individual account representative or email stcomments@nationals.com."
nationals,sth_terms,16,"You hereby authorize the Nationals to collect the payments in the amounts and on the dates set forth above, and in the Dues Notification and/or invoice we send you for each following Season (or in any modified payment schedule to which you and us may agree) less any prepayments or other credits applied to this amount (including, without limitation, any Postseason Credit) by initiating a charge to the credit or debit card specified online in your Tickets.com account, or any subsequent credit or debit card(s) you provide to the Nationals (your “Card”) (each charge, a “Charge”). If any payment subject to this invoice is returned unpaid, you authorize the Nationals to resubmit a charge up to two (2) additional times (or any greater number permitted by law) and/or cancel your annual membership/plan immediately."
nationals,sth_terms,17,"From time to time the Nationals may provide you with the opportunity to purchase tickets to certain postseason games that may occur at Nationals Park (“Postseason Tickets”). If you in fact purchase Postseason Tickets during any Season of your annual membership/plan and any of the Postseason games for which you purchase Postseason Tickets are never scheduled or are canceled before the gates open to the public for any reason and never rescheduled (“Unplayed Postseason Games”), you will receive a credit on your account equal to the value of the Postseason Tickets you purchased for the Unplayed Postseason Games less any non-refundable processing fees (a “Postseason Credit”). A Postseason Credit will be applied to the Annual Commitment applicable to the Season immediately following the Season during which it is earned. The amount of any Postseason Credit earned in the immediately preceding Season shall be applied to each installment payment of your Annual Commitment (beginning with the installment payment due on 12/15) until it is exhausted. Once exhausted, installments of your Annual Commitment will be Charged to your Card in the manner set forth in this Agreement. The Nationals will notify you via email of any Postseason Credit on your account by 12/1 of each year. By way of example only, if you receive a Postseason Credit of $1,000 for a Season and each installment payment due for your annual membership/plan for the Season is $750, no Charge will be made to your Card on 12/15 that Season, $500 will be Charged to your Card on 1/15 the following year, and each subsequent installment Charged to your Card will be in the amount of $750. Any Postseason Credit earned in the final Season of this Agreement will remain in your account and can only be used by you towards the purchase of plans or memberships for the following Season."
orioles,sth_terms,0,"To be eligible for Membership, your account with the Club must be in good standing. To be eligible for an individual Membership, you must be at least eighteen (18) years of age. In addition, you must be enrolled in an authorized Auto-Renewal Plan and select one of the following options: (i) pay in full; or (ii) a payment plan. Your account must be in good standing at the time of your selected payment deadline to activate your Membership. Birdland Memberships are non-refundable. Children using Member benefits (e.g., attending events) must at all times be accompanied by their parent or legal guardian who is a Member or otherwise in possession of appropriate credentials (e.g., a valid game Ticket)."
orioles,sth_terms,1,"The Club reserves the right to suspend or cancel a Membership or withhold renewal for any reason, including non-compliance with policies set forth by the Club or offensive, objectionable, or inappropriate behavior of the Members of record or their guests."
orioles,sth_terms,2,"Members are not entitled to entry to Baltimore Orioles games at Oriole Park at Camden Yards except where a Ticket to the applicable games has also been purchased. In addition, games, events, and other activities are subject to cancellation, postponement, or rescheduling due to act of God, or the public enemy, pandemic, endemic, fire, weather, flood, storm, earthquake, riot, war or war operations, actions, orders, or mandates by governmental entities, rescheduling by Major League Baseball, or other causes beyond the control of the Club. The Club is not responsible for refunding all or any portion of your Membership fees or providing any other compensation as a result of such cancellation, postponement, or rescheduling."
orioles,sth_terms,3,"This ticket is valid only for this particular Game and no part of the purchase price will be refunded by Holder’s failure to use it for this Game. Should the Game not be played or completed, if the Game is rescheduled/resumed in the sole discretion of the Club, this ticket will admit Holder on the date(s) on which the Game is rescheduled/resumed. No part of the purchase price will be refunded by Holder’s failure to use this ticket on such rescheduled/resumed date(s) (if any). Tickets for outdoor events are purchased at risk in case of inclement weather. A game is considered legal after five innings have been played, except when the Orioles are leading after 4 1/2 innings. If the Game does not meet the requirements of a legal game, then details on rescheduling and/or refunds (if any) will be available via local media, at our web address, orioles.com , or by calling the Baltimore Orioles at (888) 848-BIRD. Tickets are exchangeable or refundable only in accordance with official Baltimore Orioles policies. If this ticket is complimentary ($0.00 value), it is neither refundable nor exchangeable."
orioles,sth_terms,4,SERVICE/HANDLING CHARGES ARE NOT REFUNDABLE
padres,sth_terms,0,"To be eligible for Membership, your account with the San Diego Padres must be in good standing. To be eligible for an individual Membership, you must be at least eighteen (18) years of age. You must either be paid in full or enrolled in an authorized Renewal Payment Plan by the stated payment deadline to activate Membership. Memberships are non-refundable. Memberships purchased by parents for their children remain in the parent's name, and the Member agrees to these Terms on his or her minor children's behalf. Children using Member benefits (e.g., attending events) must at all times be accompanied by their parent or legal guardian who is a Member or otherwise in possession of appropriate credentials (e.g., a valid game ticket)."
padres,sth_terms,1,"The San Diego Padres reserve the right to suspend or cancel a Membership or withhold renewal for any reason, including non-compliance with policies set forth by the San Diego Padres or offensive, objectionable, or inappropriate behavior of the Members of record or their guests."
padres,sth_terms,2,"Members are not entitled to entry to San Diego Padres games except where a reserved seat has also been purchased. In addition, games, events, and other activities are subject to cancellation, postponement, or rescheduling due to act of God, or the public enemy, fire, weather, flood, storm, earthquake, riot, war or war operations, restraint of governments, rescheduling by Major League Baseball, or other causes beyond the control of the San Diego Padres. The San Diego Padres are not responsible for refunding all or any portion of your Membership fees or providing any other compensation as a result of such cancellation, postponement, or rescheduling."
phillies,sth_terms,0,"2. The ""Account"" is the revocable license granted by this Agreement to purchase the Account Tickets for the 2027 regular season as specified in the Season Ticket Invoice or My Phillies Tickets Account access (found on phillies.com/mytickets ) provided to Account Holder by the Club for the price set forth on the Season Ticket Invoice or displayed in the My Phillies Tickets Account (found on phillies.com/mytickets ). All Season Ticket Account sales are final and no refunds or exchanges will be made, except as expressly provided in this Agreement. The Club reserves the right to set a limit on how many season tickets an Account Holder may purchase."
phillies,sth_terms,1,"4. The Club reserves the right to revoke or terminate the license granted to an Account Holder through this Agreement or granted through an individual Account Ticket without any refund or compensation if, in the Club’s sole discretion, an Account Holder or an individual utilizing any of the Account Tickets violates any of the applicable terms and conditions applicable to the Account as set forth or referenced herein or otherwise acts in any manner that could negatively affect the experience of any other person within Citizens Bank Park."
phillies,sth_terms,2,"8. The Club may provide an electronic ticket resale and/or transfer system (the “System”). Any and all use of the System is subject to the terms and conditions associated with the Account and with accessing said System. The Club reserves the right to suspend, modify, replace and/or cancel the System at any time in the Club’s sole discretion. The Club reserves the right to disengage Account Holder's access to electronically post for sale and forward tickets or revoke Account Holder's Account if the Account and/or System Terms & Conditions are violated."
phillies,sth_terms,3,"11. If the Club is authorized by Major League Baseball to issue 2027 postseason tickets, season ticket Account Holders may be entitled to purchase an allotment of tickets in accordance with the Season Ticket Holder Benefits posted on Phillies.com. Account Holder may not resell any 2027 postseason ticket for a premium in excess of any amount allowed by federal, state or local law. If Account Holder sells or offers to sell any 2027 postseason ticket at or near Citizens Bank Park, he or she will be removed from the premises and prosecuted under the law. Postseason tickets may be subject to additional terms and conditions. The Club reserves the right to offer season ticket Account Holders tickets for seats for 2027 postseason games that are different from the Account Holder’s seats for the 2027 regular season games. To the extent that any postseason games purchased by an Account Holder are not played, Account Holder may be offered the opportunity to seek a refund of amounts paid for unplayed postseason games, less any applicable service charges or fees, or to request that the amounts paid for unplayed postseason games be applied to future ticket charges. If an Account Holder opts to have such amounts applied to future ticket charges, however, such a decision does not confer any right on the Account Holder to purchase tickets in the future, including without limitation, season tickets. The Club reserves the right to refund any amount paid for unplayed postseason games to Account Holder, without interest or damages of any kind, in the event that the Club determines, in its sole discretion, not to grant Account Holder a license to purchase tickets in the future."
phillies,sth_terms,4,"Account Holder acknowledges and agrees that its season ticket plan will automatically renew on a recurring basis each season, subject to the terms and conditions of this Agreement (including, without limitation, the Club’s right to refuse renewal to any Account Holder), until Account Holder cancels in accordance with this paragraph. The Club will provide Account Holder with a written Notice of Automatic Renewal by electronic transmission prior to the opt-out deadline of September 1 of each subsequent year. The Notice of Automatic Renewal also will identify the seat(s) offered to Account Holder for the subsequent season and state the amount due for renewal, which may be higher than the rate for the previous season. If Account Holder does not wish to renew Account Holder’s season tickets for the upcoming season, Account Holder may opt-out at any time by completing the Phillies Season Ticket Holder Opt-Out form located at phillies.com/optout , online via their Phillies My Ticket account, or by contacting the Phillies Sales Office at 215-463-1000. Note that any opt-outs submitted after the September 1 deadline will be effective for the season following the upcoming season (e.g., opt-outs submitted after September 1, 2026 will apply to the 2028 season)."
phillies,sth_terms,5,(a) Payment in full via a debit or credit card at phillies.com/mytickets or by calling the Phillies Sales Office at 215-463-1000
phillies,sth_terms,6,(b) Five Installment Automatic Payment Plan (Interest Free) via a debit or credit card at phillies.com/mytickets or by calling the Phillies Sales Office at 215-463-1000. See Section 17 below for more details.
phillies,sth_terms,7,"At the time that payments are initially due under this Agreement, Account Holder is required to provide a form of payment for any future payments due under the terms of this Agreement or renewals. Account Holder hereby agrees and authorizes the Club to charge the identified form of payment (or any subsequent debit or credit card(s) Account Holder provides to the Club) in the amounts and on the dates set forth for the 2027 Season, and to charge such payment method(s) on a recurring basis ahead of each subsequent season in the amounts stated in the Account Holder’s Notice of Automatic Renewal unless the Account Holder cancels in accordance with the cancelation procedures set forth herein. Note that subject to Section 10 of these Terms and Conditions, season ticket Account Holders’ tickets in future seasons may be at a higher rate or for seat(s) in a different location. Account Holder may opt-out of their auto-renewal season tickets for the upcoming season at any time until September 1 of each year by visiting phillies.com/optout , online via their Phillies My Ticket account or by contacting the Phillies Sales Office at 215-463-1000. Opting out of auto renewal prior to the September 1 deadline will cancel your season ticket plan for the following season. If any payment is returned unpaid, Account Holder authorizes the Club to resubmit a charge to cover the amount due, and/or cancel Account Holder’s Account immediately. Account Holder understands that Account Holder’s bank may charge a fee if a payment is returned for insufficient funds, and that the Club will have no liability for any such fee."
phillies,sth_terms,8,"If a season ticket Account Holder selected the ""Five Installment Automatic Payment Plan"" payment option, Account Holder will make a deposit and as many as four (4) installment payments, depending on the date Account Holder enters into this Agreement with the Club by placing a deposit on 2027 Season Tickets (the “Initial Deposit Date”). Account Holders shall be required to make the first payment as a deposit for their 2027 Season Tickets on their Initial Deposit Date (i.e., at the time of contracting) and then shall make up to four (4) additional installment payments on the dates set forth on the chart immediately below this paragraph. Each payment will be at a 0% Annual Percentage Rate (“APR”) and will be automatically deducted from the Account Holders’ debit or credit card."
phillies,sth_terms,9,"For each season following the 2027 Season, unless Account Holder has canceled their season ticket plan for the upcoming season in accordance with the cancelation procedures set forth herein, Account Holder will be automatically charged a deposit on or around 9/15 and then four (4) installment payments on or around 10/15, 11/15, 12/15 and 1/15 of the applicable years. Such payments shall apply to Season Tickets for the following season. Exact payment dates for each season following the 2027 season will be confirmed in the annual Notice of Automatic Renewal."
phillies,sth_terms,10,"19. Canceled or Impacted Games If any game is canceled and not rescheduled, or held with limited seating capacity resulting in Club's revocation of Account Holder's tickets for such game, a credit representing the value of the Account Tickets for such game(s) will be posted to Account Holder’s My Phillies Tickets Account. If Account Holder subsequently opts out of the renewal of their season ticket plan in accordance with this Agreement, upon Account Holder's written request, Club will issue a refund in respect of any such unused credits remaining at the end of the applicable season."
phillies,sth_terms,11,"20. The Club may terminate this Agreement and the Account in whole or in part, for any reason, at any time upon providing written notice to the Account Holder at the physical or email address last provided by the Account Holder. Unless such termination is the result of a material breach of this Agreement by Account Holder, in which case Account Holder shall not be entitled to any refund, future credit or damages of any kind, the Club shall refund the pro rata portion of the license fee for the Account Tickets for the affected games then remaining in the 2027 regular season to Account Holder within a reasonable time."
pirates,sth_terms,0,"b. The “Account” is the revocable license granted by this Agreement to purchase the tickets specified in the Account Holder’s personalized URL for the price set forth in the Account Holder’s personalized URL. All Account sales are final and no refunds or exchanges will be made, except as expressly provided in this Agreement. The Pirates reserve the right to set a limit on how many season tickets an Account Holder may purchase."
pirates,sth_terms,1,"f. The Pirates may provide an electronic ticket resale and/or transfer system (the “System”). Any and all use of the System is subject to the terms and conditions associated with the Account and with accessing the System. The Pirates reserve the right to suspend, modify, replace, and/or cancel the System at any time in their sole discretion. The Pirates reserve the right to disengage Account Holder’s access to electronically post for sale and forward tickets or revoke Account Holder’s Account if the Account and/or System terms and conditions are violated."
pirates,sth_terms,2,"j. If the Pirates are authorized by Major League Baseball to issue Postseason tickets, Account Holder may be entitled to purchase one (1) ticket for every possible Postseason game for each seat held in the Account. Account Holder agrees that it is a material breach of this Agreement for Account Holder to (or attempt to) sell, trade, or otherwise transfer for value more than 50% of the Postseason tickets purchased through their Account without the express written consent of the Pirates. Postseason tickets may be subject to additional terms and conditions. The Pirates reserve the right to offer Account Holder relocated seats for Postseason games. To the extent that any Postseason games purchased by an Account Holder are not played, Account Holder may be offered the opportunity to seek a refund of amounts paid for unplayed Postseason games, less any applicable service charges or fees, or to request that amounts paid for unplayed Postseason games be applied to future ticket charges. In the event that Account Holder opts to have such amounts applied to future ticket charges, however, such decision does not automatically confer any right on Account Holder to purchase tickets in the future, including, without limitation, season tickets. The Pirates reserve the right to refund any amounts paid for unplayed Postseason games to Account Holder, without interest or damages of any kind, in the event that the Pirates determine, in their sole discretion, not to grant Account Holder a license to purchase tickets in the future."
pirates,sth_terms,3,"Account Holder may elect to make payment in full for their 2027 season tickets via debt or credit card by calling their designated account manager or Ticket Services at 1-800-BUY-BUCS (1-800-289-2827), or by check made payable to “Pittsburgh Pirates” and mailed to Ticket Services, PNC Park, 115 Federal Street, Pittsburgh, PA 15212."
pirates,sth_terms,4,Account Holder will make their first payment for their 2027 season tickets on their Initial Payment Date and will make up to six (6) additional payments on the dates set forth in the chart below. Each payment will carry a 0% Annual Percentage Rate and will be automatically deducted from Account Holder’s credit or debit card as stated in Section 5 below.
pirates,sth_terms,5,Creditor: The creditor is Pittsburgh Associates.
pirates,sth_terms,6,Annual Percentage Rate: The cost of your credit as a yearly rate is 0%.
pirates,sth_terms,7,Finance Charge: You will not be charged a credit or finance fee in connection with the purchase of season tickets.
pirates,sth_terms,8,"Account Holder agrees that if after the conclusion of a season, the Pirates choose to offer Account Holder the opportunity to purchase season tickets for a subsequent season, this Agreement is subject to automatic renewal. If the Pirates choose to offer Account Holder the opportunity to purchase season tickets for a subsequent season, the Pirates will provide Account Holder with a written Notice of Automatic Renewal by electronic transmission at least thirty (30) days and not more than sixty (60) days prior to the cancellation deadline stated in the Notice of Automatic Renewal. The Notice of Automatic Renewal will also identify the seat(s) offered to Account Holder for the subsequent season and state the amount due for renewal, which may be higher than the rate for the previous season. If Account Holder does not wish to purchase season tickets for the subsequent season, Account Holder must provide the Pirates with written notice pursuant to the instructions provided in the Notice of Automatic Renewal on or before the cancellation deadline. Account Holder may also cancel their automatic renewal by completing the Pirates STH Opt-Out Form located in the Account Holder’s personalized URL on or before the cancellation deadline. If Account Holder does not cancel their account as set forth herein, Account Holder agrees to purchase season tickets for the subsequent season on the terms set forth in the Notice of Automatic Renewal."
pirates,sth_terms,9,"At the time that payment is initially due under this Agreement, Account Holder is required to provide a form of payment for any future payments due under this Agreement or renewals that may be offered. It is the responsibility of Account Holder to keep current credit or debit card information on file with the Pirates and to notify the Pirates of any changes to such information in a timely fashion. Account Holder hereby agrees and authorizes the Pirates, or their agents, service providers, successors, or assigns, to charge the identified form of payment (or any subsequent debit or credit card(s) Account Holder provides to the Pirates) in the amounts and on the dates set forth above for the 2027 season, and in the amount stated in Account Holder’s Notice of Automatic Renewal for any subsequent seasons. Note that as set forth in Section 4, Account Holder’s season tickets in subsequent seasons may be at a higher rate or for seat(s) in a different location. Account Holder may revoke this payment authorization by emailing ticketservices@pirates.com in such time and manner as to afford the Pirates a reasonable opportunity to act upon Account Holder’s request. If Account Holder revokes this authorization, Account Holder will still be responsible for paying all amounts owed under this Agreement. If any payment subject to this Agreement is returned unpaid, Account Holder authorizes the Pirates to resubmit a charge up to two (2) additional times (or any greater number permitted by law) and/or cancel Account Holder’s Account immediately. Account Holder understands that its bank may charge a fee if a payment is returned for insufficient funds, and that the Pirates will have no liability for any such fee."
pirates,sth_terms,10,"b. The Pirates may terminate this Agreement at any time by providing written notice to Account Holder. In the event of termination, the Pirates shall refund the pro rata portion of the license fee for the remainder of the season to Account Holder within a reasonable time, unless termination is the result of Account Holder’s material breach of the terms and conditions of this Agreement, in which case Account Holder shall not be entitled to any refund, future credit, or damages of any kind."
rangers,general_terms,0,"The Holder (defined below) is admitted on the following conditions: By use of this ticket, the ticket holder, on his/her own behalf and on behalf of any accompanying minor(s) (collectively, “Holder” or “you”), agrees to the following terms and conditions (“Terms and Conditions”) of this ticket: (a) Holder shall not transmit or aid in transmitting any information about the game or other event to which the ticket grants admission (the “Event”), including, but not limited to, any photographs, images, videos, audio, livestreams or other accounts or descriptions (including play-by-play data) (whether text, data, or visual), in any media, of all or any part of the Event, without the express written consent of the Rangers (defined below); (b) Rangers are the exclusive owner of all copyrights and other proprietary rights in the Event and Event information; and (c) StadCo (defined below), Rangers (defined below), REV (defined below), Office of the Commissioner of Baseball (“BOC”), Major League Baseball Properties, Inc., MLB Advanced Media, L.P., The MLB Network, LLC, City of Arlington, other Major League Baseball clubs (the “Clubs”), each of their respective parents, subsidiaries, affiliated and/or related entities, any entity which, now or in the future, controls, is controlled by, or is under common control with the Clubs and/or the BOC and/or Rangers and/or StadCo, and each of the respective owners, shareholders, directors, officers, employees, agents, sponsors, partners, contractors, licensees, promoters, successors and assigns of the above entities (collectively, the “Released Entities”) shall have the unrestricted right and license to use Holder’s name, image, and/or likeness taken at or around Globe Life Field or Choctaw Stadium, as applicable, and their surrounding areas including parking areas (collectively and as applicable, the “Venue”) as included in any broadcast, telecast, photograph, or in any other medium whether now known or hereafter devised. This ticket is a non-transferable revocable license. StadCo, REV and/or Rangers reserves the right to revoke such license, in their sole discretion, at any time and for any reason, by tendering to Holder the purchase price of the ticket(s) . The license granted by this ticket may also be terminated without refund of any portion of the purchase price if Holder violates these Terms and Conditions, appears to be or is intoxicated, engages in conduct deemed by the Rangers to be improper, disorderly or unbecoming or uses vulgar or abusive language. Holder is also subject to seat relocation. By tendering this ticket to enter the Venue, Holder hereby consents to security screening, whether by walk-through metal detection, handheld metal detection, bag checks, or otherwise, and Holder hereby acknowledges and agrees that the Released Entities assume no liability to Holder’s person or property as a result of any such security screening and Holder waives any such related claims against the Released Entities. This ticket may not be used for advertising, promotion (including sweepstakes or contests) or other trade or commercial purposes without the express prior written consent of the Rangers Parties (defined below)."
rangers,general_terms,1,"This ticket may not be resold or offered for resale in any manner not authorized by the Rangers Parties (defined below), or at a price in violation of any Federal, State, or local law or regulation. If the Event is a baseball game and such Event is cancelled or rescheduled, this ticket may be exchanged for a ticket of equal or lesser value (if available) for any succeeding regular season game during the current season. If the cancelled Event is a baseball game and such Event is cancelled or rescheduled and the Holder’s primary residence is more than one-hundred and fifty (150) miles from the Venue, Holder may exchange the ticket as set forth in the foregoing sentence or may elect to receive a refund up to the face value of the ticket as Holder’s sole remedy. The foregoing policy shall also apply if less than five (5) innings are played (or four-and-a-half (4 ½) innings if Rangers are leading). If the Event is any Event other than a baseball game and such Event is cancelled or rescheduled, this ticket may be exchanged for a ticket of equal or lesser value (if available) for such future date or Holder may elect to receive a refund up to the face value of the ticket as Holder’s sole remedy. For all Events, refund of added value ticket amount does not include any promotional value. No refunds or exchanges of expired tickets for any Events, except as specified herein."
rangers,general_terms,2,TEXAS RANGERS • GLOBE LIFE FIELD/CHOCTAW STADIUM • ADMIT ONE • NO REFUNDS • NO RE-ENTRY UPON EXIT
rays,sth_terms,0,"The Rays own and control all rights to seat locations for Rays home games at Tropicana Field (the ""Stadium""). A purchaser of a Season Membership obtains a license, in the form of account credit, to use toward tickets to regular season home games at Tropicana Field during the 2027 season (the “Term”) in accordance with the provisions of the section of these Policies and Procedures entitled “Season Membership Details”. The Rays in their sole and absolute discretion may revoke this license at any time upon refunding the purchase price of the Season Membership. By way of example only, without limiting in any way the Rays' discretionary right under all circumstances, if it appears to the Rays, in their sole and absolute discretion, that an individual or entity has purchased a Season Membership primarily for resale purposes and not for their own personal use in attending games at Tropicana Field, the Rays shall have the right to revoke this license at any time by refunding the purchase price of unused tickets. The Rays in their sole and absolute discretion may revoke this license at any time upon misconduct by the Season Member without refund. This license is granted on a game-to-game basis, and is subject to all rules, regulations and policies relating to tickets as established from time to time by the Rays, the Stadium and Major League Baseball."
rays,sth_terms,1,"The Season Member is the permanent rights holder (whether person or business) on the original application for tickets, and that person or business is assigned an account. If the Season Member is an entity, a contact name must be provided to the Rays. The entity may request a change in the name of the contact person for its account. A request to change the contact person of an entity must be submitted to the Rays in writing on company or entity letterhead and signed by an authorized officer. A Season Membership should be paid for by check or credit card. If a third-party payment is accepted by the Rays, such acceptance shall not give the third party any Season Member or renewal privileges, or cause or require the Rays to change the name of the Season Member on the account. The Rays will treat the Season Member as the purchaser of a Season Membership in such circumstances, including for purposes of a Season Membership renewal."
rays,sth_terms,2,"Season Members are prohibited from transferring their account credit or traditional seat location to any person, whether by a request to transfer the account into another name, or by an attempt to transfer the account credit or the renewal privilege described below by sale, gift, transfer by will or trust, property settlement, transfer to creditors, or any other means. Therefore, any attempt to sell or otherwise transfer Season Member privileges to third parties will not be recognized by the Rays and may result in cancellation of all Season Member privileges. Any court order directing distribution of the Season Membership to a person not listed as the Season Member, whether in bankruptcy or otherwise, may result in the exercise by the Rays of their right to immediately withdraw the license represented by the Season Membership, including any Season Member renewal privileges, upon refund by the Rays of all amounts paid for games that have not yet been played."
rays,sth_terms,3,"The Season Member understands, acknowledges and agrees that the Rays have the right to automatically renew the Season Membership (“Season Membership Renewal”) on an annual basis unless the Season Member cancels his/her Season Membership or opts out of Season Membership Renewal as set forth herein. During each season’s annual renewal period, the Season Member will receive an invoice with the amount of the Membership Fee for the next season and the payment schedule therefore. The Season Member may cancel or opt out of Season Membership Renewal by providing written notice to the Rays prior to the end of the thirty (30) day notification period set forth in the invoice and in the manner set forth in the invoice. If the Season Member does not cancel or opt out of Season Membership Renewal in accordance with the foregoing requirements, the Season Member’s credit card will be charged for the Membership Fee for the next season and the Season Member will be responsible for the Membership Fee for the next season. Ticket plans, pricing, Membership tiers and seating categories are subject to change each season."
rays,sth_terms,4,"Subject to these policies and procedures a Season Member has an opportunity to renew the Season Member’s current Membership Tier for the next Rays season. The Rays reserve the right to change Membership Tiers from year to year. The opportunity to renew is a privilege granted by the Rays and may be revoked at the Rays' sole and absolute discretion. This renewal privilege is exercised when payment is received for the Season Membership in the amount specified and by the date established by the Rays. This renewal privilege is revocable by the Rays at any time prior to payment or if payment is not received by the established due date. Rays will exercise reasonable efforts to maintain renewal privileges for Season Members at the Stadium; however, Season Members are not guaranteed this opportunity. The Rays will consider, among other things, violations by Season Members of rules, regulations and policies of the Rays, the Stadium and Major League Baseball in deciding whether to revoke renewal privileges. Such violations include, without limitation, any unapproved transfer or attempt to transfer rights to Season Memberships as discussed above. Any benefit associated with the purchase and/or renewal of a Rays Season Membership, including but not limited to any renewal discount applied against the price of a new Season Membership, the priority number system described in the next paragraph, and the opportunity itself to renew Season Memberships, may be withheld, adjusted and/or revoked by the Rays at any time with respect to any one or more individuals and entities as determined by the Rays in their sole and absolute discretion. In deciding whether to permit the renewal of Season Memberships as well as the price at which the Season Membership would be renewed, the Rays reserve the right to take into account, among other things, that a particular individual or entity resold an amount of their tickets purchased such that it appears to the Rays, in their sole and absolute discretion, that the individual or entity is possessing the Season Membership primarily for resale purposes and not for their own personal use in attending games at Tropicana Field. The Rays further reserve the right to adjust benefits as well as to make decisions on the renewal of Season Memberships on a case-by-case basis as well as on a year-to-year basis. In addition, renewal privileges could be affected from time to time by changes to the Stadium and/or the Stadium seating areas (such as, for example, the elimination of seats and/or damage or destruction to the Stadium or other events or circumstances) as determined by the Rays in their sole and absolute discretion. If you do not receive the appropriate renewal mailings and/or emails, please contact Season Member Services at (727) 825-3250. If you do not contact Season Member Services within a reasonable time, the Rays may revoke your renewal privilege and your priority number(s). All payments received for Season Memberships are non-refundable and non-transferable."
rays,sth_terms,5,Fully paid Flexible Season Membership accounts will have access to their account credit when single game tickets are made available for purchase or approximately two (2) business days after the account is at least 50% paid (whichever is later). Season Memberships and their associated benefits will be available to the Season Member via their online membership account.
rays,sth_terms,6,"If any check is returned unpaid, the Rays or their authorized agent may then debit the Season Member’s checking account for the amount of the check, a $40 service charge, plus any additional charges assessed by the financial institution as a result of the dishonored check. Payment by check constitutes acceptance of these terms. A returned check also may result in cancellation of a Season Membership account in the Rays' sole discretion. The Rays reserve the right to refuse payment by personal check at any time."
rays,sth_terms,7,"Lost or stolen tickets can be re-issued only under the conditions set forth by Rays management, and only to the Season Member. Replacement tickets will be issued upon payment of the full face value of the lost tickets. Reports of stolen tickets must be accompanied by a police report indicating the circumstances of the theft. Stolen tickets (with police report) will be replaced without additional charges. If lost tickets are later recovered, a refund of additional charges may be obtained by sending the unused lost tickets and the replacement tickets to Rays Season Member Services, within thirty (30) days after the game for which you required the replacement tickets. Please contact Rays Season Member Services at (727) 825-3250 to determine eligibility for replacement tickets."
redsox,sth_terms,0,2. ACCOUNT HOLDER ACKNOWLEDGES AND AGREES THAT ALL TICKET SALES ARE FINAL AND NO REFUNDS WILL BE MADE.
redsox,sth_terms,1,"4.1 THE ACCOUNT HOLDER'S PURCHASE OF THE SEASON TICKETS SHALL AUTOMATICALLY RENEW PRIOR TO EACH SEASON, SUBJECT TO THE TERMS AND CONDITIONS SET FORTH HEREIN. BY ENROLLING IN THE CLUB'S AUTOMATIC RENEWAL PROGRAM, ACCOUNT HOLDER GIVES THE CLUB THE AUTHORIZATION TO CHARGE ACCOUNT HOLDER'S CREDIT/DEBIT CARD FOR THE SEASON TICKETS FOR THE 2026 MAJOR LEAGUE BASEBALL REGULAR SEASON (THE ""2026 SEASON"") AND EACH CLUB SEASON THEREAFTER (EACH, A ""SEASON""), AND ACCOUNT HOLDER AGREES TO THE TERMS AND CONDITIONS LISTED HEREIN."
redsox,sth_terms,2,"4.3 The Account Holder's authorization for the Club's automatic renewal program remain in full force and effect until the Club has received written notification of Account Holder's desire to terminate the authorization in the time and manner specified herein as to afford the Club and Account Holder's credit card company or bank a reasonable opportunity to terminate the transaction. Account Holder agrees that if Account Holder's credit card numbers change, Account Holder will notify the Club of such changes and this authorization will remain in effect for the new account number(s) provided."
redsox,sth_terms,3,"5. Account Holder understands and agrees that Club is not liable in any way for erroneous bill statements or incorrect charges and that should an error occur in billing, the Club's only responsibility is to correct such error if and when the Club receives notice of such error or Club otherwise becomes aware of such error. Account Holder hereby waives all claims against the Club for indirect or consequential liability for any errors in payment processing or resulting from the timing of payment. Account Holder understands that individual banks have individual processing times and may process the transaction(s) at a later date than the date on which the Club's transaction is processed. Account Holder understands that it is Account Holder's obligation to provide the Club with any changes or updates to Account Holder's payment information in a timely manner, and Account Holder agrees that if Account Holder's credit/debit card is declined for any reason, Account Holder will be responsible for promptly paying any and all balances when due. Failure to adhere to the payment schedule specified by the Club may result in denied entry to any Club Major League Baseball game, and the Club reserves the right to restrict entry to Club Major League Baseball games and/or revoke Account Holder privileges if the account is not paid in full or paid in accordance with the payment schedule specified by Club and/or if any authorized charge is refused by the applicable credit card company or bank for any reason. Only Visa, MasterCard, American Express and Discover credit/debit cards shall be accepted."
reds,sth_terms,0,"_*NON-REFUNDABLE DEPOSITS. *_The purchase of Tickets pursuant to the Agreement may require Account Holder to place a non-refundable season ticket deposit (""Deposit"") as set forth in the Invoice or Season Ticket Agreement. Failure by Account Holder to make any payment on or before the dates set forth in the Invoice or abide by the terms and conditions of this Agreement will be a breach of this Agreement and, in addition to any other remedies the Club may have under applicable law or at equity, upon written notice and subject to statutory cure rights under applicable law (if any), the Club may terminate this Agreement and declare the entire unpaid balance for the remainder of the entire Term due and payable. The foregoing remedies of the Club shall not be to the exclusion of any other right or remedy set forth herein or otherwise available to the Club. No waiver by the Club of any default or breach by Account Holder of its obligations hereunder shall be construed to be a waiver or release of any other subsequent default or breach by Account Holder hereunder, and no failure or delay by the Club in the exercise of any remedy provided for herein shall be con­strued a forfeiture or wavier thereof or of any other right or remedy available to the Club."
reds,sth_terms,1,"FORCE MAJEURE EVENTS_._ In the event of a riot, war, terrorism, or rebellion, fire, flood, severe storm, accident, pandemic, epidemic, outbreak of a communicable disease, state of emergency (national, state or local), declaration, order or rule of the Office of the Commissioner of Baseball, other act of God, event beyond the control of the Reds, a player strike, management lockout, walk out, postponement or any other work stoppage (each a “Force Majeure Event”) makes it impractical or impossible for the Reds to play any home games at the Ballpark during a Season, or causes the postponement or cancellation of one or more home games or any other event scheduled to take place at the Ballpark, or if such Force Majeure Event otherwise renders any seat licensed under this Agreement unusable or prevents the Reds from providing any other product or service under this Agreement, then the Reds’ obligations under the agreement shall be suspended during the period of such inability, and such inability shall not be deemed a breach of this Agreement by the Reds. If, as a consequence of such Force Majeure Event, (A) the Reds’ home games are postponed and not rescheduled to be played during that season (i.e., cancellation as confirmed by the Office of the Commissioner of Major League Baseball) or (B) patrons are not permitted to attend games in person, the fees payable under this Agreement for that season shall be abated for each such game that is not rescheduled on a pro-rata basis (based on the number of home games scheduled for the applicable Season) and, at the election of Account Holder either (x) applied as a credit towards future payment obligations of Account Holder hereunder or (y) at the direction of Account Holder (as evidenced by a written and signed request) refunded within 60-days of the confirmed cancellation of games by the Office of the Commissioner of Major League Baseball or, in the case of a prohibition of patrons in attendance at games, at the direction of Account Holder (as evidenced by a written and signed request) within 90-days of the date of the originally scheduled game. The remedies set forth in the immediately preceding sentence shall be the exclusive remedies for any cancelled game or for being deprived of access to the Ballpark due to a Force Majeure Event."
reds,sth_terms,2,"MOVEMENT OF SEAT LOCATION . The Club reserves the right to move the seat location at any time if such move is required in order to comply with Laws or the mandates or directives of Major League Baseball. If your relocated seats are not satisfactory, you may request a refund."
reds,sth_terms,3,"Any Broker Activity involving a Ticket, as determined in the sole discretion of the Club, is a Non-Permitted Transfer unless specifically approved by the Club, and shall constitute a basis for (i) termination of the revocable license granted by the Club for the use of the Ticket, (ii) the seizure or cancellation of the Ticket without refund or other compensation, and/or (iii) termination of the revocable license granted by the Club of all Tickets that are controlled by or affiliated with such Ticket Holder or individuals/entities determined by the Club to be associated with such Ticket Holder. The Club reserve the right not to sell to, and to cancel any purchase made by, individuals or companies whose intent is to resell tickets in violation of this Agreement."
reds,sth_terms,4,"Any Broker Activity involving a Ticket, as determined in the sole discretion of the Club, is a Non-Permitted Transfer unless specifically approved by the Club, and shall constitute a basis for (i) termination of the revocable license granted by the Club for the use of the Ticket, (ii) the seizure or cancellation of the Ticket without refund or other compensation, and/or (iii) termination of the revocable license granted by the Club of all Tickets that are controlled by or affiliated with such Ticket Holder or individuals/entities determined by the Club to be associated with such Ticket Holder. The Club reserve the right not to sell to, and to cancel any purchase made by, individuals or companies whose intent is to resell tickets in violation of this Agreement."
rockies,general_terms,0,ALL DATES/TIMES ARE SUBJECT TO CHANGE; SUCH CHANGES DO NOT CONSTITUTE REASON FOR REFUND OR EXCHANGE.
rockies,general_terms,1,"The Club reserves the right to revoke the license granted by this ticket for any reason by tendering to Holder any monies paid by Holder to the Club for the ticket, excluding service charges. Holder is subject to all rules and policies of the Club including those set forth in The Rockies A-Z Guest Guide to Coors Field (“ A-Z Guide ”) and all applicable federal, state, and local laws, rules, policies, and regulations (collectively, “ Laws ”) including those of the MLB Entities, City & County of Denver, and Denver Metropolitan Major League Baseball Stadium District (“ District ”). The Club reserves the right, without refund of any portion of the purchase price of this ticket, to revoke the license granted by this ticket and refuse admission or eject any person that the Club deems to be in violation of the A-Z Guide or such Laws. Holder consents to security searches and/or screening including allowing the Club and/or their designees to inspect Holder’s and any Minor’s person and any bags, clothing, or other articles for security purposes, by any means determined by the Club. Any dispute, claim, or cause of action regarding the terms of this ticket, attendance at a game, or any related activities, or sales or resales of a ticket, shall be brought (i) individually, without resort to any form of class or collective action, and without joinder or consolidation of claims of third parties, and (ii) exclusively before a single, private, impartial arbitrator in a confidential, final, and binding arbitration held in Denver, Colorado administered by the American Arbitration Association under its then current Commercial Arbitration Rules. The arbitrator shall have the power to award any remedies available under applicable law. Any award and any confirming judgement applies only to the arbitration in which it was awarded and cannot be further used in any other case except to enforce the award itself. This ticket may not be used for advertising, promotion (including contests, sweepstakes, raffles, or giveaways), or other trade or commercial purposes without the express written consent of the Club. This ticket may not be resold or offered for resale in a manner, at a price, or otherwise in violation of the A-Z Guide or any Laws; any such resale will invalidate the license granted by this ticket."
rockies,general_terms,2,"Retain possession of this RAIN CHECK until the GAME NUMBERED OR NAMED HEREON has been played to completion. The RAIN CHECK is only good for this particular game, and any rescheduled game or substitute game as provided below, and no part of the purchase price will be refunded by reason of the failure of Holder to use it for such games. Should the GAME NUMBERED OR NAMED HEREON not be played or not progress to or beyond a point of play constituting a regulation game under the Official Baseball Rules after Holder has been admitted to the ballpark, this RAIN CHECK will be honored at the re-scheduled game which replaces the GAME NUMBERED OR NAMED HEREON. If unable to attend the re-scheduled game, Holder may exchange this RAIN CHECK for a ticket of the same value (subject to availability) for any game during the current regular season. Such exchanges must occur prior to the first pitch of the rescheduled game . Complimentary tickets have a value of zero dollars and therefore may not be exchanged. Complimentary tickets will be honored at the rescheduled game only. Discounted tickets may be exchanged only for the amount paid to the Club and are subject to any constraints applicable to the original sale. There will be no RAIN CHECK or exchange for a game which is delayed (whether for weather or power delays or otherwise), but which progresses to or beyond a point of play constituting a regulation game under the Official Baseball Rules."
royals,sth_terms,0,"Purchasing Season Tickets does not include any right to any opportunity to renew for subsequent seasons or with respect to preseason or postseason games. Purchaser neither has a reasonable expectation to renew nor any right or privilege to renew their ticket package for any subsequent season. The Royals reserve the right, in its sole discretion, to provide Purchaser the opportunity to purchase tickets for any subsequent season pursuant to such terms and conditions as the Royals determine, or to decline to provide such opportunity to purchase any such tickets at any point and for any reason whatsoever or no reason, or to rescind any such ticket purchase opportunity prior to delivery by the Royals to Purchaser of written notice that an agreement to purchase tickets has been consummated, or to change the seat location previously assigned to Purchaser by providing a new ticket purchase opportunity in a new seat location. Once a payment has been made on Season Tickets, the Purchaser is not eligible for a refund on those payment funds."
royals,sth_terms,1,"For avoidance of doubt, Season Tickets apply to Major League Baseball regular season home games of the Royals at Kauffman Stadium only and does not include any right to purchase or otherwise obtain postseason tickets for any postseason games. The Royals may elect to extend to Purchaser the opportunity to purchase postseason tickets (for regular season seats) and may do so under such terms as the Royals determine in its sole discretion. If the Royals extend such opportunity to Purchaser, postseason tickets must be purchased for all postseason rounds offered by the Royals to Purchaser (unless otherwise stated by the Royals); otherwise, all offered and remaining games (both those being offered and any subsequent round or series) will be released for public sale or otherwise allocated by the Royals. All credits for postseason games that are paid for but not played will be applied to amounts due to the Royals from Purchaser pursuant to a renewal invoice or be refunded to Purchaser."
royals,sth_terms,2,"Allocation of seats for all purchases are made from, and are subject to, available seat locations as determined by the Royals, in its sole discretion, at the time of purchase of the applicable Tickets. The Royals may change the seat location previously assigned to Purchaser by providing a new seat location that is similar to the location of the Tickets to the extent applicable laws, regulations and guidelines require the Royals to limit attendance or require minimum distancing for seating. If the Royals are not able to relocate Purchaser to a location that is similar to the location of the Tickets, then the Royals will provide Purchaser with a credit equal to the amount paid by Purchaser for Tickets to games that the Royals are unable to provide a similar alternate location for, and Purchaser may use such credit to purchase tickets to any Royals regular season home game at Kauffman Stadium during the impacted season, subject to availability."
royals,sth_terms,3,"For any cancelled games that are not replaced or rescheduled, account holders will receive an account credit or a refund equal to the paid value of the relevant tickets and parking. Account credits can be applied to future season, group, and single ticket purchases through the immediately following season. Account holders will receive an email of any cancellation announcement with further instructions to confirm the selected action."
royals,sth_terms,4,Full Season Ticket Accounts may list up to four (4) Season Ticket Account ‘Partners’.
royals,sth_terms,5,"All tickets, including Season Tickets, are licenses sold to fans by the Kansas City Royals for the sole purpose of viewing the game for which the ticket is valid. Season Tickets are not owned by any purchaser, but are the sole property of the Kansas City Royals. The purchaser cannot transfer by any method season seats, benefits, rights or responsibilities to anyone else except as indicated in this document. The Royals reserve the right to refuse to conduct business related to the Season Account with anyone other than the Season Ticket Account Holder(s) of Record or authorized agent of record. The Kansas City Royals reserve the right to change, add to or discontinue any of its policies, procedures, benefits or privileges, including the renewal of season seats at any time by notifying the Season Ticket Holder of Record at the mailing or electronic mail address of record. The Royals reserve the right to cancel a Season Ticket Account or withhold an offer of Season Ticket renewal for any reason, including non-compliance with policies set forth by the Kansas City Royals or objectionable deportment of the Season Ticket Holder of Record or his/her guests. In the event the Royals revoke tickets or cancel a Season Ticket Account, a refund check will be issued to the Season Ticket Holder of Record for the paid value of unused season tickets (for un-played games) that are returned to the Royals. The Kansas City Royals have sole discretion in determining the Season Ticket Holder of Record and longevity on each account."
royals,sth_terms,6,"Any tickets purchased by an unauthorized ticket broker or reseller (or anyone who represents an unauthorized ticket broker or reseller) are subject to cancellation by the Royals at any time, even after resale."
tigers,general_terms,0,THIS TICKET IS A REVOCABLE LICENSE; USER ACCEPTS RISK OF ILLNESS/INJURY; NO RE-ENTRY – No Refunds
tigers,general_terms,1,"Holder will comply with all Detroit Tigers and host venue policies & protocols. Holder will not transmit/aid in transmitting photographs, images, videos, audio, livestreams or other accounts/descriptions (including play-by-play data) (whether text, data or visual), in any media, about the game/event or related attractions (collectively, “Event”). Holder consents to and waives compensation for use of their image or other personality rights and consents to security searches/screening. MLB Entities (defined below) reserve the right to revoke this license without refund and refuse admission/eject anyone who (a) violates Agreement terms; (b) appears to be or is intoxicated; (c) is deemed by an MLB Entity to be disorderly or a health/safety risk; or (d) uses vulgar or abusive language."
tigers,general_terms,2,"This ticket is valid only for this Event; if not played or completed, this ticket will admit Holder to the rescheduled/resumed Event; if not rescheduled/resumed, refunds or credits will be as determined in Club’s discretion."
tigers,general_terms,3,"HOLDER FURTHER ACKNOWLEDGES AND AGREES THAT HOLDER IS FAMILIAR WITH AND DOES HEREBY WAIVE THE PROVISIONS OF SECTION 1542 OF THE CALIFORNIA CIVIL CODE (AND SIMILAR PROVISIONS OF OTHER JURISDICTIONS) WHICH PROVIDES AS FOLLOWS: “A GENERAL RELEASE DOES NOT EXTEND TO CLAIMS THAT THE CREDITOR OR RELEASING PARTY DOES NOT KNOW OR SUSPECT TO EXIST IN HIS OR HER FAVOR AT THE TIME OF EXECUTING THE RELEASE AND THAT, IF KNOWN BY HIM OR HER, WOULD HAVE MATERIALLY AFFECTED HIS OR HER SETTLEMENT WITH THE DEBTOR OR RELEASED PARTY.”"
twins,general_terms,0,"GENERAL NOTICE: Game time subject to change without notice. No refunds or exchanges will be made on this ticket except as provided hereon. Lost, stolen or counterfeit tickets will not be honored. This ticket is a revocable license and may be terminated in the sole discretion of Minnesota Twins, LLC (the “Club”) or Twins Ballpark, LLC by tendering the purchase price to the ticketholder (“Holder”). The Club reserves the right, without refund of any portion of the purchase price, to revoke the license granted by this ticket and refuse admission to or eject any Holder from Target Field or Hammond Stadium, as applicable, and surrounding areas, including parking lots (the “Ballpark”) for any reason, including conduct deemed improper by the Club. This ticket may not be used for advertising, promotions (contests, sweepstakes, giveaways) or other commercial or trade purposes without express written consent of the Club. This ticket may not be resold (i) via the Internet or any other interactive media except through the official website of the Club ( twins.com ) or websites expressly authorized by the Club, without the prior written consent of the Club or (ii) if prohibited by any applicable federal, state, or local law or regulation."
twins,general_terms,1,"RAIN CHECK: Rules regulating cancellation or rescheduling of games and use of RAIN CHECKS will be posted on www.twins.com . If the game numbered hereon does not progress to or beyond a point of play constituting an MLB regulation game, this ticket must be retained and used as a RAIN CHECK. Premium ticket location RAIN CHECK policies may vary from those above and such ticketholders should retain this ticket and contact the Ticket Sales and Service department. This ticket is good only for this particular game and no part of the purchase price will be refunded by reason of failure of Holder to use it for this game. These policies may be amended by the Club at any time without notice."
twins,general_terms,2,"HOLDER FURTHER ACKNOWLEDGES AND AGREES THAT HOLDER IS FAMILIAR WITH AND DOES HEREBY WAIVE THE PROVISIONS OF SECTION 1542 OF THE CALIFORNIA CIVIL CODE (AND SIMILAR PROVISIONS OF OTHER JURISDICTIONS) WHICH PROVIDES AS FOLLOWS: “A GENERAL RELEASE DOES NOT EXTEND TO CLAIMS THAT THE CREDITOR OR RELEASING PARTY DOES NOT KNOW OR SUSPECT TO EXIST IN HIS OR HER FAVOR AT THE TIME OF EXECUTING THE RELEASE AND THAT, IF KNOWN BY HIM OR HER, WOULD HAVE MATERIALLY AFFECTED HIS OR HER SETTLEMENT WITH THE DEBTOR OR RELEASED PARTY.”"
whitesox,general_terms,0,"In the event that a regulation Game is postponed, cancelled, or otherwise rescheduled due to inclement weather and/or considered a rainout by MLB, DO NOT DISCARD THIS TICKET and see the Rainout Policy posted on the Chicago White Sox ticket portion of its website ( whitesox.com ) for further details or contact CWS at 312-674-1000 or for premium seating (312) 674-5330."
whitesox,sth_page,0,"A cost difference may apply depending on the price tier of the game. Similarly, if you are downgrading in price tier, you will receive the difference in the form of a credit on your account. Credits will be reflected within 2-3 business days."
whitesox,sth_page,1,The amount of exchanges is determined by your plan size: Full Season = 20 40-Game Plan = 10 20-Game Plan = 5
yankees,sth_terms,0,"(iii) Licensor reserves the right to restrict, modify, alter, change and/or amend the License and any Seat(s) as a result of: (A) MLB requirements; (B) Laws; (C) alteration of the Stadium; and/or (D) other reasons beyond the control of Licensor. If the Seat(s) is/are not available due to any of the aforementioned reasons for a Game, then Licensor will use commercially reasonable efforts to provide Licensee with the opportunity to license a Ticket elsewhere in the Stadium, subject to availability and as determined by Licensor. If Licensor is unable to provide Licensee with the opportunity to license a Ticket elsewhere in the Stadium to a Game, then Licensee shall be entitled, as its sole remedy, to a credit in an amount equal to the Established Price of the Ticket for the Game to which the Seat(s) was/were determined by Licensor to be unavailable. Such credit may be applied towards the purchase of Tickets to another Game within 12 months of the originally scheduled Game, subject to availability."
yankees,sth_terms,1,"(ii) Licensor may extend the opportunity to purchase Tickets to Jewel Event(s) (for the Seats or other seats) under such terms and conditions as Licensor determines. If granted the opportunity, Licensee must purchase all Tickets to all potential Jewel Event(s) for each Seat offered by Licensor and, if not, all offered and remaining Tickets to Jewel Event(s) will be released for public sale or otherwise allocated by Licensor and Licensee will not be entitled to any compensation, credits, rebates, refunds, offsets, make-goods or other remedies."
yankees,sth_terms,2,(B) Licensee may cancel STAR enrollment at any time. Any STAR cancellation until the date specified in the Renewal Notice (which will be before the Renewal Date) will be effective on the date the cancellation is provided. Any STAR cancellation after the date specified in the Renewal Notice (which will be before the Renewal Date) will be effective for the Regular Season immediately following the Regular Season set forth in the Renewal Notice.
yankees,sth_terms,3,"(C) Cancellation may be sent to staroptout@yankees.com , by contacting your Ticket Account Representative or via your My Yankees Account."
yankees,sth_terms,4,"(b) All Licensee's account information provided (e.g., name, billing/mailing/email addresses, phone, etc.), including as reflected on Licensee's My Yankees Account, must be the Licensee's own and true personal or business information. All payments for the Tickets must be made directly by the Licensee (i.e., by the Licensee's check or credit card). False or misleading information constitutes a material breach of the License and T&Cs. Licensor reserves the right to require valid identification and/or other proof of information related to the Account. Licensee can only be one (1) Person to whom/which an Account is registered in Licensor's database. If the Account is registered in the name of a business entity, a contact person (who will not be considered the Licensee) must be identified. Payment of any Invoice by anyone other than Licensee, and receipt and/or acceptance of payment thereof by Licensor, does not constitute or effectuate an assignment or transfer of the License. The License, the Account and/or any duties, obligations, rights and privileges may not be assigned or transferred in any manner, whether voluntarily or by gift, bequest, or operation of law, by Licensee to any other person or entity without the express written consent of Licensor."
yankees,sth_terms,5,"(iv) Licensor reserves the right to terminate the License by tendering to Licensee and/or the Holder the Established Price. Further, Licensor reserves the right, in its sole and absolute discretion, with or without refunding the Established Price, to revoke the License and refuse admission to and/or eject any Person who: (A) violates the terms of the License and T&Cs; (B) is or appears to be impaired; (C) conceals alcohol, illegal substances and/or other prohibited items while attempting to enter the Stadium; (D) acts in a manner that is unruly, disruptive or illegal; (E) uses derogatory, foul and/or abusive language and/or gestures; (F) displays and/or wears and fails to cover obscene, indecent and/or inappropriate clothing; (G) exposes him/herself; (H) otherwise violates the Guest Code of Conduct; (I) interferes with any ball in the field of play or any Sports Participant attempting to make a play on any batted, pitched or thrown baseball; (J) refuses to provide proof of vaccination status and/or provides false and/or fraudulent proof of vaccination; or (K) violates any Law. Licensee/Holder acknowledges and agrees that Licensor’s ban on derogatory, foul and/or abusive language and/or gestures and obscene, indecent and/or inappropriate clothing does not violate Licensee’s/Holder’s right to free speech and/or expression and that such time, place and manner of the restrictions are reasonable to maintain a family-friendly atmosphere for minors, ensure the safety of all guests and Sports Participants, and preserve the enjoyment of the Event for all. In addition, Licensee further acknowledges and agrees that by entering the Stadium, Licensee hereby consents to the ban on derogatory, foul and/or abusive language and/or gestures and obscene, indecent and/or inappropriate clothing and waives, to the fullest extent Licensee may legally and effectively do so, any objection Licensee may now or hereafter have to such ban and the penalties that Licensor may impose for any violation of same."
yankees,sth_terms,6,"(b) Licensor may take any action that Licensor deems appropriate including issuing a warning, temporarily or permanently suspending an Account and/or denying access to an Account and/or Licensee's My Yankees Account, if: (i) the License, any T&Cs and/or any Policy are breached and/or violated; (ii) Licensee breaches the Account's terms of use; (iii) Licensor is unable to verify or authenticate Licensee’s information; (iv) Licensor believes that Licensee's conduct may cause legal liability for Licensor; or (v) necessary for the safety and/or protection of patrons or to address fraud or misconduct. Licensor may review Account activity for fraud which may result in automatic cancellation of Account activity and temporary or permanent suspension of the Account."
yankees,sth_terms,7,(a) Tickets are not subject to any refund and shall bear no cash value.
yankees,sth_terms,8,"(ii) If the Game is not a regulation game as set forth in this section then Licensee shall not be entitled to a refund of any fees paid to the Concessionaire. Unless otherwise agreed to by the Concessionaire, in its sole and absolute discretion, Licensee shall pay additional fees for any food and beverages to be provided in connection with Tickets used or exchanged in connection with subsection 6(b)(i), above, as applicable."
yankees,sth_terms,9,"Any sale, resale, auction, assignment or transfer (collectively, ""Resale"") of Tickets must be done in accordance with Laws. Any Resale in violation of Laws constitutes a material breach of the License and T&Cs. Any attempt by two (2) or more persons to gain admission with both a cancelled Ticket and any reissued Ticket whether as part of a Resale transaction and/or otherwise transferred by Licensee constitutes a material breach of the License and T&Cs. NEW YORK LAW PROVIDES THAT: (a) THE UNLAWFUL RESALE OF FIVE (5) OR MORE TICKETS WITHOUT HAVING FIRST PROCURED A LICENSE FROM THE NEW YORK SECRETARY OF STATE IS PUNISHABLE BY IMPRISONMENT OF UP TO ONE (1) YEAR AND FINES OF UP TO $2,000.00; (b) THE USE OF ANY MACHINE, DEVICE, COMPUTER PROGRAM OR COMPUTER SOFTWARE THAT NAVIGATES OR RUNS AUTOMATED TASKS ON RETAIL TICKET PURCHASING WEBSITES IN ORDER TO BYPASS SECURITY MEASURES TO PURCHASE TICKETS IS ILLEGAL; AND (c) THE RESALE OF ANY TICKET WITHIN ONE THOUSAND FIVE HUNDRED (1,500) FEET FROM THE PHYSICAL STRUCTURE OF THE STADIUM (INCLUDING ANY BUILDING OR OTHER STRUCTURE AT WHICH TICKETS ARE OFFERED FOR FIRST SALE TO THE PUBLIC) IS PROHIBITED UNDER PENALTY OF LAW. LICENSOR RESERVES THE RIGHT TO REQUIRE PROOF OF A VALID NEW YORK TICKET RESELLER LICENSE."
yankees,sth_terms,10,"(b) No compensation, credits, rebates, refunds, offsets, make-goods or other remedies will be provided for views and lines of sight impacted by conditions including: (i) as a result of Game/Event/Stadium conditions (e.g., on-deck circles, coaches boxes, umpires, referees, players, coaches, managers, etc.); (ii) protective devices/netting; (iii) the manner of play and/or the field configuration; (iv) Stadium signage; (v) Stadium and production personnel (e.g., grounds crew, security, cameramen, photographers, etc.) and their equipment (e.g., sound equipment, cables, etc.); (vi) other guests/fans and their property (e.g., hats, umbrellas, etc.); and (vii) configuration of the Stadium's seating bowl (e.g., aisle seating, ADA seating, etc.)."
yankees,sth_terms,11,"(b) During any sporting event, it is illegal under New York City law for any person other than a Sports Participant to: (i) knowingly enter or remain unlawfully upon the playing area; (ii) subject a Sports Participant to contact by means of any substance, object or dangerous instrument, or attempt to do so; (iii) place, drop, toss or hurl any substance, object or dangerous instrument onto the playing area, or attempt to do so; (iv) strike, slap, kick or otherwise subject to physical contact a Sports Participant, or attempt to do so; (ii), (iii) or (iv), in each case, with the intent to cause physical injury to a Sports Participant or with the intent to disrupt a sporting event. Any person who violates the foregoing may be guilty of a misdemeanor punishable by imprisonment and/or fine, civil penalties of up to $25,000 and/or a lifetime ban from the Stadium."
yankees,sth_terms,12,"(b) At any time before or during the Event, if a Licensee/Holder is concerned with the Seat, the Licensee/Holder should contact a Licensor representative; provided that: (i) any requested relocation is subject to availability; (ii) any alternate seat or standing location may be in a section and/or level of the Stadium and/or within a price category that is not in the same section and/or level and/or price category of the location identified on the Ticket; and (iii) any Licensee/Holder requesting relocation is responsible for paying the incremental price increase, if any, of the price for the available alternate location. Relocation to a seat or standing location at a lower price than the price of the original ticketed location will not result in a refund or credit."
yankees,sth_terms,13,"(a) Licensee shall be in material default upon the occurrence of any of the following (each a “Default""): (i) Licensee fails to pay in full any portion of the full Established Price or any other amounts when due; (ii) any violation and/or breach of any Policy; (iii) Licensee or any Holder engages in any illegal activity or commits any material breach or repeat violation of any of the Agreement, License, T&Cs or Policies; (iv) Licensee either voluntarily files for bankruptcy, receivership, insolvency, reorganization, dissolution, liquidation or any similar proceedings, as applicable, or involuntarily has a proceeding instituted against it and such proceeding is not dismissed within 30 days; and/or (v) Licensee makes a general assignment for the benefit of creditors."
yankees,sth_terms,14,"(a) All rosters, lineups, coaches and managers and Event dates, times and Seat(s) are subject to change. Licensor shall not be: (i) liable for any failure to and/or delay in performing and/or complying with its obligations under these T&Cs as a result (directly or indirectly) of any Force Majeure Event; and (ii) obligated to settle or vote to settle any strike, lockout or work stoppage or other labor disturbance (including any MLB strike or lockout) to avoid a Force Majeure Event from continuing."
yankees,sth_terms,15,"(b) The number of innings in a regulation game shall be determined by MLB and may be shortened in accordance with MLB rules. Licensor makes no representation, warranty and/or guarantee that nine (9) innings will be played in any regulation game. The number of Games in a Regular Season shall be determined by MLB. Licensor makes no representation, warranty and/or guarantee that a Regular Season will be comprised of eighty-one (81) Games."
yankees,sth_terms,16,"“Force Majeure Event” means any of the following: (i) act of God; (ii) Health Emergency; (iii) hostility (whether war is declared or not), civil war, rebellion, revolution, insurrection, act of terrorism or enemy action; (iv) military or usurped power or confiscation, nationalization or national, state and/or local government sanction, regulation, restriction or emergency (declared or undeclared); (v) riot, crime or civil commotion; (vi) unavoidable casualty, fire or earthquake; (vii) interruption or failure of electricity or utilities, electrical, utilities or mechanical difficulty, inability to obtain labor, lack of materials, strike (regardless of the cause), lockout, work stoppage or other labor disturbance; (viii) order by MLB; (ix) adverse weather condition (e.g., rain, snow, lightning, etc.); or (x) any other cause or condition, whether similar or dissimilar to any of the foregoing, beyond the reasonable control of Licensor."
